sequence,hl_category
AAAMSQVTN,Medium
AACEVAKNLNESLIDLQELGKYEQYIKW,Medium
AAGAVVNDL,Medium
AAHLIDALYAEFLGGRVLTT,Medium
AAHLIDALYAEFLGGRVLTTPVVHRALFYASAVLRQPFLAGVPSA,Medium
AAKAWKKAKAWKKAKWWKKAA,Medium
AALGDTAWDFGSIGGVFNSIGRAVHQVFGGAFRTL,Medium
AAQRRGRIGRNPSQVGD,Medium
AAQRRGRVGRNPNQVGD,Medium
AAWWAGIKQEF,Medium
AAYFLLKLAGRW,Medium
ACAPWGNTWCGGK,Medium
ACAWAGIKQEF,Medium
ACELKWESEFWRWTEQLA,Medium
ACFAWGNTWCGGK,Medium
ACFPAGNTWCGGK,Medium
ACFPWANTWCGGK,Medium
ACFPWGATWCGGK,Medium
ACFPWGKEYCGGK,Medium
ACFPWGNAWCGGK,Medium
ACFPWGNQWCGGK,Medium
ACFPWGNTACGGK,Medium
ACFPWGNTWCGGK,Medium
ACWAAGIKQEF,Medium
ACWWAAIKQEF,Medium
ACWWAGAKQEF,Medium
ACWWAGIAQEF,Medium
ACWWAGIKAEF,Medium
ACWWAGIKQAF,Medium
ACWWAGIKQEA,Medium
ADLEVVAATFVLVA,Medium
ADLEVVAATHVLVA,Medium
ADLEVVAATYAAAA,Medium
ADLEVVAATYKKKK,Medium
ADLEVVAATYV,Medium
ADLEVVAATYVDDA,Medium
ADLEVVAATYVDDD,Medium
ADLEVVAATYVDVA,Medium
ADLEVVAATYVDVD,Medium
ADLEVVAATYVKKK,Medium
ADLEVVAATYVLDA,Medium
ADLEVVAATYVLDD,Medium
ADLEVVAATYVLVA,Medium
ADLEVVAATYVLVD,Medium
ADVILMCFSIDSPDSLENI,Medium
AEAASQVTNTATIM,Medium
AEAIPMSIPPEVKFNKPFVF,Medium
AEAMAQVTN,Medium
AEAMSQVANTATIM,Medium
AEAMSQVTN,Medium
AEAMSQVTNTATIM,Medium
AEASQVTNTATIM,Medium
AECVVSCSMSYTKA,Medium
AEDWVRWI,Medium
AEPERRNIKYL,Medium
AFLGWIGAIVSTALPQWR,Medium
AFTCHCRRSCYSTEYSYGTCTVMGINHRFCCL,Medium
AGAGTGATAIGMVTQYHQVL,Medium
AGALMFAWLLLGLQGIFN,Medium
AGAVVNDL,Medium
AGDDQGLDKCVPNSKEK,Medium
AGHNKVGSLQYLALA,Medium
AGVKDGKLDF,Medium
AGVSGHGQHGVHG,Medium
AIGWGDPITHWSHGQNRW,Medium
AIKWEYVLLLFLL,Medium
AKDLEVVCSTYVLVEA,Medium
AKDLEVVTSTYVLVEA,Medium
AKKAAKKAKKAAKKAKKAAKK,Medium
AKKAAKKAKKAAKKAKKWAKK,Medium
AKKAAKKAKKAAKKIEKAAKK,Medium
AKKAKKKAKKAAKKIKKKAKK,Medium
AKKAWKKAKKAAKKAKKWAKK,Medium
AKLKVVAATYVLKK,Medium
AKTIRLESEVTAIKNALKKTNEAVSTLGNGVRVLATAVRELKDFVSKN,Medium
AKVNGQSGRMEFFWTILK,Medium
AKVTMTCSAS,Medium
ALAALITPKKIKPPL,Medium
ALNCYWPLNDYGFYTTTGIGYQPYRVVVLSFEL,Medium
ALPQWRIYSYAGDNIVTA,Medium
ALWDTLLKKVLKAAAKAALDAVLVGANA,Medium
ALWKTLLKKVLKAAAKAALKAVLVGANA,Medium
ALWKTLLKKVLKAAAKAALNAVLVGANA,Medium
ALWKTMLKKLGTMALHAGKAALGAAADTISQGTQ,Medium
ALWMTLLKKVLKAAAKAALNAVLVGANA,Medium
ANQFNSAIGKIQDSLSSTASALGKLQDVVNQNAQALNTLVKQ,Medium
APKAMRLLRRLLRRLLR,Medium
AQNAISTTFPYT,Medium
ARILMRIRQMMT,Medium
ARRAKRRARRAARRARRKARR,Medium
ARRAKRRARRAKRRARRKKRR,Medium
ARRARRRARRAARRARRGARR,Medium
ARRARRRARRAARRARRWARR,Medium
ARRAWRRARRAARRARRAARR,Medium
ASCDKCQLKGEAMHG,Medium
ASNYWILEYLWKVPFDFW,Medium
ATAGWTFGAGAALQIPFAMQMAY,Medium
ATCYCRRGRCATRESLSGVCEISGRLYRLCCR,Medium
ATCYCRTGRCATRESLSGVCEIRGRLYRLCCR,Medium
ATCYCRTGRCATRESLSGVCEISGRLYRLCCR,Medium
ATCYCRTGRCATRESLSGVCRISGRLYRLCCR,Medium
ATCYCRTGRCATRESRSGVCEISGRLYRLCCR,Medium
ATHQEAIEKVTGALKINNLR,Medium
ATKALTEVIPLTEEAEC,Medium
ATSSANSKA,Medium
AVACELKWESEFWRWTEQ,Medium
AVKRVGRRLKKLARKIARLGVAF,Medium
AVVNDL,Medium
AWDFGSIGGVFNSIGRAVHQVF,Medium
AWDFGSIGGVFNSIGRAVHQVFGGAFRTL,Medium
AWDFGSIGGVFTSVGKLVHQVFGTAYGVL,Medium
AWDFGSLGGVFTSIGKALHQVFGAIYGAA,Medium
AWDFGSLGGVFTSIGKALHQVFGGAFGAA,Medium
AWDFGSVGGLFTSLGKAVHQVFGSVYTTM,Medium
AWDFGSVGGVFNSLGKGIHQIFGAAFKSL,Medium
AWDFGSVGGVLNSLGKMVHQIFGSAYTAL,Medium
AWLVHRQWFLDLPLPWLPG,Medium
AWLVHTQWFLDLPLPWLPGADTQGSNWI,Medium
CAVACELKWESEFWRWTE,Low
CDVIALLACHLNT,Low
CDVIALLCHLNT,Low
CDVIALLCHLNTPSF,Low
CDVIALLCHLNTPSFNTTHYRESWY,Low
CEEIRARLSTHLRKMRKRLMRDADDLQKRLAVY,Low
CEELRVRLASHLRKLRKRLLRDADDLQKRLAVY,Low
CEEQAQQIRLQAEAFQARLKSWFEPLVEDM,Low
CELKWESEFWRWTEQLAS,Low
CEVLSDFK,Low
CEYQAGHNKVGSLQY,Low
CFPWGC,Low
CFSIDSPDSLENI,Low
CGGGGGSLTEINTELLDLEYEMKKLEEVVKKLEESYIDLKEL,Low
CIRLQAEAFQARLKSWFEPLV,Low
CKIPFEIMDLEKRHV,Low
CLRKLRKRLLRC,Low
CLRVRLASHLRKLRKRLLRDADDL,Low
CNCTNSSSSYSGTKMACPSNRG,Low
CNDFRSKTC,Low
CNSTKNLTFAMRSSGDYGEV,Low
CSIELSDIPLSVDFNTMID,Low
CSSHFPYSQYQFWK,Low
CTSDLPSSWGYMNCNCTNSSSS,Low
CVRLASHLRKLRKRLLRDADDL,Low
CVRLASHLRKLRKRLLRDADDLQKRLAVY,Low
CWVRIGRYILRRIKTPFT,Low
CWVRLARYLLRRLKTPFT,Low
CWVRLGRELLRRLKEPFT,Low
CWVRLGRELLRRLKTPFT,Low
CWVRLGRKLLRRLKKPFT,Low
CWVRLGRKLLRRLKTPFT,Low
CWVRLGRYALRRLKTPFT,Low
CWVRLGRYILRRIKTPFT,Low
CWVRLGRYILRRLKTPFT,Low
CWVRLGRYKLRRLKTPFT,Low
CWVRLGRYLLRRLKTLFT,Low
CWVRLGRYLLRRLKTPFT,Low
CWVRLGRYLLRRLKTPFTRL,Low
CWVRLGRYSLRRLKTPFT,Low
CWVRLGRYVLRRLKTPFT,Low
CWVRLLRYLLRRLKTLFT,Low
CWVRLLRYLLRRLKTPFT,Low
CWVRLVRYLLRRLKTPFT,Low
DCPNGPWVWVPAFCQAVGWG,Low
DCPNGPWVWVPAFCQAVGWG,Low
DCWVRLGRYLLRRLKTPF,Low
DCWVRLGRYLLRRLKTPF,Low
DDDEVVAATYVLVA,Low
DDDEVVAATYVLVA,Low
DDSVVAAMSYSFA,Low
DDSVVAAMSYSFA,Low
DDSVVAAMSYSHA,Low
DDSVVAAMSYSHA,Low
DDSVVAAMSYSYA,Low
DDSVVAAMSYSYA,Low
DDSVVCAAMSYSFA,Low
DDSVVCAAMSYSFA,Low
DDSVVCAAMSYSHA,Low
DDSVVCAAMSYSHA,Low
DDSVVCAAMSYSYA,Low
DDSVVCAAMSYSYA,Low
DDSVVSAAMSYSFA,Low
DDSVVSAAMSYSFA,Low
DDSVVSAAMSYSYA,Low
DDSVVSAAMSYSYA,Low
DFRELNKRTQDFWEVQLGIP,Low
DFRELNKRTQDFWEVQLGIP,Low
DFWRGVISLTPLLVCVAA,Low
DFWRGVISLTPLLVCVAA,Low
DHVTPDIAYNP,Low
DHVTPDIAYNP,Low
DHVTPDIAYNPRTYM,Low
DHVTPDIAYNPRTYM,Low
DHVTPDIAYNPWAYF,Low
DHVTPDIAYNPWAYF,Low
DIQKLVGKLNWASQIYPGIK,Low
DIQKLVGKLNWASQIYPGIK,Low
DISGINASVVNIQKEIDRLNEVAKNLNESLIDLQEL,Low
DISGINASVVNIQKEIDRLNEVAKNLNESLIDLQEL,Low
DISGINASVVNIQKEIDRLNEVAKNLNESLIDLQELGKYE,Low
DISGINASVVNIQKEIDRLNEVAKNLNESLIDLQELGKYE,Low
DISGINASVVNIQKEIDRLNEVAKNLNESLIDLQELGSGSGC,Low
DISGINASVVNIQKEIDRLNEVAKNLNESLIDLQELGSGSGC,Low
DITLNNSVALDPIDISIELNKAKSDLEESKEWIRRSNQKLDSIGN,Low
DITLNNSVALDPIDISIELNKAKSDLEESKEWIRRSNQKLDSIGN,Low
DIWDWICEVLSDFK,Low
DIWDWICEVLSDFK,Low
DKFNHEAED,Low
DKFNHEAED,Low
DLADQLIHLYYFDCF,Low
DLADQLIHLYYFDCF,Low
DLSLDFEKLNVTLLDLTYEMNRIQDAIKKLNESYINLKE,Low
DLSLDFEKLNVTLLDLTYEMNRIQDAIKKLNESYINLKE,Low
DRGWGNGCGLFG,Low
DRGWGNGCGLFG,Low
DSGEGDFLAEGGGVR,Low
DSGEGDFLAEGGGVR,Low
DTRACDVIALLCHLNT,Low
DTRACDVIALLCHLNT,Low
DTVVELSEWGVPCATCIL,Low
DTVVELSEWGVPCATCIL,Low
DVDLGDISGINASVVNIQKEIDRLNEVAKNLNESLIDLQELGKYEQYI,Low
DVDLGDISGINASVVNIQKEIDRLNEVAKNLNESLIDLQELGKYEQYI,Low
DVILMCFSIDSPDSLENI,Low
DVILMCFSIDSPDSLENI,Low
DWLKAFYDKVAEKLKEAF,Low
DWLKAFYDKVAEKLKEAF,Low
DWLRIIWDWVCSVVSDFK,Low
DWLRIIWDWVCSVVSDFK,Low
DWVRWI,Low
DWVRWI,Low
EANTTLLDLTYEMLSLQQVVKALNESYIDLKEL,Low
EANTTLLDLTYEMLSLQQVVKALNESYIDLKEL,Low
ECRSTSYAGAVVNDL,Low
ECRSTSYAGAVVNDL,Low
EDLFYQ,Low
EDLFYQ,Low
EDLFYQSSL,Low
EDLFYQSSL,Low
EELRVRLASHLRKLRKRLLRDADDL,Low
EELRVRLASHLRKLRKRLLRDADDL,Low
EELRVRLASHLRKLRKRLLRDADDLQKRLAVY,Low
EELRVRLASHLRKLRKRLLRDADDLQKRLAVY,Low
EEQAKTFLDK,Low
EEQAKTFLDK,Low
EEQAKTFLDKFNHEAEDLFYQSS,Low
EEQAKTFLDKFNHEAEDLFYQSS,Low
EEQAKTFLDKFNHEAEDLFYQSSGLGKGDFR,Low
EEQAKTFLDKFNHEAEDLFYQSSGLGKGDFR,Low
EEQAKTFLDKFNHEAEDLFYQSSLASWNYNTNITEE,Low
EEQAKTFLDKFNHEAEDLFYQSSLASWNYNTNITEE,Low
EEQKTQLKNKIEIDWTKMELEQDWSKIYKEI,Low
EEQKTQLKNKIEIDWTKMELEQDWSKIYKEI,Low
EFVFLM,Low
EFVFLM,Low
EFWRWTEQLASNYWILEY,Low
EFWRWTEQLASNYWILEY,Low
EGPTLGNWAREIWATLFKKA,Low
EGPTLGNWAREIWATLFKKA,Low
EISKINTTLLDLSDEMAMLLQEVVKQLNDSYIDLKEL,Low
EISKINTTLLDLSDEMAMLLQEVVKQLNDSYIDLKEL,Low
EIWATLFKKATRQCRRGRIW,Low
EIWATLFKKATRQCRRGRIW,Low
ELKWESEFWRWTEQLASN,Low
ELKWESEFWRWTEQLASN,Low
ELVNQIIEQLIKKEKVYLAW,Low
ELVNQIIEQLIKKEKVYLAW,Low
EMTWEEWEKKIEEYIKKIEEILKKSQNQQIDL,Low
EMTWEEWEKKIEEYIKKIEEILKKSQNQQIDL,Low
EMTWEEWEKKIEEYTKKIEEILKKSQNQQIDL,Low
EMTWEEWEKKIEEYTKKIEEILKKSQNQQIDL,Low
EQLASNYWILEYLWKVPF,Low
EQLASNYWILEYLWKVPF,Low
EQVDKLVSAGIRKVLFLDGI,Low
EQVDKLVSAGIRKVLFLDGI,Low
EQVLKAVTNVLSPVFPGGET,Low
EQVLKAVTNVLSPVFPGGET,Low
ESAIRKAILGHIVSP,Low
ESAIRKAILGHIVSP,Low
ESEFWRWTEQLASNYWIL,Low
ESEFWRWTEQLASNYWIL,Low
ESELVSQIIEQLIKK,Low
ESELVSQIIEQLIKK,Low
ESTHPRISSEVHIPL,Low
ESTHPRISSEVHIPL,Low
ETWETWWTEYWQATWIPEWE,Low
ETWETWWTEYWQATWIPEWE,Low
EWDREINNYTSLIHSLIEESQNQQEKNEQELLELDKWASLW,Low
EWDREINNYTSLIHSLIEESQNQQEKNEQELLELDKWASLW,Low
EWVRLGRELLRRLKEPFE,Low
EWVRLGRELLRRLKEPFE,Low
EWVRLGRELLRRLKEPFT,Low
EWVRLGRELLRRLKEPFT,Low
EYLWKVPFDFWRGVISLT,Low
EYLWKVPFDFWRGVISLT,Low
FAIAIKAIKKAIKKIKKAIKKAI,Low
FAIAIKAIKKAIKKIKKAIKKAI,Low
FAIAIKAIKKAIKKIKKAIKKAI,Low
FAIKWEYVLLLFLL,Low
FAIKWEYVLLLFLL,Low
FAIKWEYVLLLFLL,Low
FAKKFAKKFKKFAKKFAKFAFAF,Low
FAKKFAKKFKKFAKKFAKFAFAF,Low
FAKKFAKKFKKFAKKFAKFAFAF,Low
FALALKALKKALKKLKKALKKAL,Low
FALALKALKKALKKLKKALKKAL,Low
FALALKALKKALKKLKKALKKAL,Low
FAVAVKAVAVKAVAVKAVKKAVKKVKKAVKKAVKKKK,Low
FAVAVKAVAVKAVAVKAVKKAVKKVKKAVKKAVKKKK,Low
FAVAVKAVAVKAVAVKAVKKAVKKVKKAVKKAVKKKK,Low
FAVGLRAIKRALKKLRRGVRKVAKDL,Low
FAVGLRAIKRALKKLRRGVRKVAKDL,Low
FAVGLRAIKRALKKLRRGVRKVAKDL,Low
FCQAIGWGDPITHWSHGQ,Low
FCQAIGWGDPITHWSHGQ,Low
FCQAIGWGDPITHWSHGQ,Low
FDFWRGVISLTPLLVCVA,Low
FDFWRGVISLTPLLVCVA,Low
FDFWRGVISLTPLLVCVA,Low
FFHHIFRGIVHVGKTIHKLVTG,Low
FFHHIFRGIVHVGKTIHKLVTG,Low
FFHHIFRGIVHVGKTIHKLVTG,Low
FFHHIFRGIVHVGKTIHRLVTG,Low
FFHHIFRGIVHVGKTIHRLVTG,Low
FFHHIFRGIVHVGKTIHRLVTG,Low
FFVIFYRRKK,Low
FFVIFYRRKK,Low
FFVIFYRRKK,Low
FGCTWMNSTGFTKTC,Low
FGCTWMNSTGFTKTC,Low
FGCTWMNSTGFTKTC,Low
FGVSGHGQHGVHG,Low
FGVSGHGQHGVHG,Low
FGVSGHGQHGVHG,Low
FHCQRTQSQPGSWFRAISSWKQ,Low
FHCQRTQSQPGSWFRAISSWKQ,Low
FHCQRTQSQPGSWFRAISSWKQ,Low
FIHFRIGCQHSRIGI,Low
FIHFRIGCQHSRIGI,Low
FIHFRIGCQHSRIGI,Low
FIHHIFRGIVHAGRSIGRFLTG,Low
FIHHIFRGIVHAGRSIGRFLTG,Low
FIHHIFRGIVHAGRSIGRFLTG,Low
FIKRIARLLRKIF,Low
FIKRIARLLRKIF,Low
FIKRIARLLRKIF,Low
FILAFLGWIGAIVSTALP,Low
FILAFLGWIGAIVSTALP,Low
FILAFLGWIGAIVSTALP,Low
FINGRWDSQCHRFSNGAIACA,Low
FINGRWDSQCHRFSNGAIACA,Low
FINGRWDSQCHRFSNGAIACA,Low
FKCRRWQWRMKKLGAPSITCVRRAFA,Low
FKCRRWQWRMKKLGAPSITCVRRAFA,Low
FKCRRWQWRMKKLGAPSITCVRRAFA,Low
FKLRAKIKVRLRAKIKL,Low
FKLRAKIKVRLRAKIKL,Low
FKLRAKIKVRLRAKIKL,Low
FKRIVQRIKDFLR,Low
FKRIVQRIKDFLR,Low
FKRIVQRIKDFLR,Low
FKVKAKVKAKVKAKVKAKKKK,Low
FKVKAKVKAKVKAKVKAKKKK,Low
FKVKAKVKAKVKAKVKAKKKK,Low
FLAAARIAKRVAKKARKLAKRAARKRK,Low
FLAAARIAKRVAKKARKLAKRAARKRK,Low
FLAAARIAKRVAKKARKLAKRAARKRK,Low
FLFAFRIFKRVFKKFRKLFKRAF,Low
FLFAFRIFKRVFKKFRKLFKRAF,Low
FLFAFRIFKRVFKKFRKLFKRAF,Low
FLFPLITSFLSKVL,Low
FLFPLITSFLSKVL,Low
FLFPLITSFLSKVL,Low
FLGAILKIGHALAKTVLPMVTNAFKPKQ,Low
FLGAILKIGHALAKTVLPMVTNAFKPKQ,Low
FLGAILKIGHALAKTVLPMVTNAFKPKQ,Low
FLGFLKNLF,Low
FLGFLKNLF,Low
FLGFLKNLF,Low
FLKVPAQNAISTTFPYT,Low
FLKVPAQNAISTTFPYT,Low
FLKVPAQNAISTTFPYT,Low
FLYTAFAMQELGCNQNQFFC,Low
FLYTAFAMQELGCNQNQFFC,Low
FLYTAFAMQELGCNQNQFFC,Low
FNATYLNLTGEIDDLEFRSEKLHNTTVELAILIDNI,Low
FNATYLNLTGEIDDLEFRSEKLHNTTVELAILIDNI,Low
FNATYLNLTGEIDDLEFRSEKLHNTTVELAILIDNI,Low
FNATYLNLTGEIDDLEFRSEKLHNTTVELAILIDNINNTLVNL,Low
FNATYLNLTGEIDDLEFRSEKLHNTTVELAILIDNINNTLVNL,Low
FNATYLNLTGEIDDLEFRSEKLHNTTVELAILIDNINNTLVNL,Low
FNESTR,Low
FNESTR,Low
FNESTR,Low
FNESTRKKIE,Low
FNESTRKKIE,Low
FNESTRKKIE,Low
FNMTKAVEMVNIAGNWSCTS,Low
FNMTKAVEMVNIAGNWSCTS,Low
FNMTKAVEMVNIAGNWSCTS,Low
FNVALDQVFESIENSQALVDQSNRILSSAEKGNTG,Low
FNVALDQVFESIENSQALVDQSNRILSSAEKGNTG,Low
FNVALDQVFESIENSQALVDQSNRILSSAEKGNTG,Low
FRFKIKFRLKFRFKARFKFRAKFRA,Low
FRFKIKFRLKFRFKARFKFRAKFRA,Low
FRFKIKFRLKFRFKARFKFRAKFRA,Low
FRKQNPDIVIYQYMD,Low
FRKQNPDIVIYQYMD,Low
FRKQNPDIVIYQYMD,Low
FRPALIVRTKGTRL,Low
FRPALIVRTKGTRL,Low
FRPALIVRTKGTRL,Low
FVFLM,Low
FVFLM,Low
FVFLM,Low
FWFTLIKTQAKQPARYRRFC,Low
FWFTLIKTQAKQPARYRRFC,Low
FWFTLIKTQAKQPARYRRFC,Low
FWRGVISLTPLLVCVAAL,Low
FWRGVISLTPLLVCVAAL,Low
FWRGVISLTPLLVCVAAL,Low
FWRWTEQLASNYWILEYL,Low
FWRWTEQLASNYWILEYL,Low
FWRWTEQLASNYWILEYL,Low
FYTTTGIGYQPY,Low
FYTTTGIGYQPY,Low
FYTTTGIGYQPY,Low
GAIVSTALPQWRIYSYAG,High
GAKALTEVIPLTEEAEC,High
GAKKGAKKGKKGAKKGAKGAGAKGAGAFKKKK,High
GAKTETLVIPETELEAC,High
GAVVNDL,High
GAWKNFWSSLRKGFYDGEAGRAIRR,High
GCKKYRRFRWKFKGKFWFWG,High
GDISGINASVVNIQKEIDRLNEVAKNLNESLIDLQELG,High
GFFALIPKIISSPLFKTLLSAVGSALSSSGGQE,High
GFGCPFNQGKCHRHCRSIRRRGGYCDGFLKQRCVCYRK,High
GFGCPFNQGQCHKHCQSIRRRGGYCDGFLKTRCVCYR,High
GFKRIVQRIKDFLRNLV,High
GFLYVYKGYQPI,High
GFNEIVQDIEDFLQNLV,High
GFSSLFKAGAKYLLKQVGKAGAQQLACKAANNC,High
GGARDAGKAEWW,High
GGGSLTQINTTLLDLTYEMLSLQQVVKALNESYIDLKEL,High
GGKMLYNKVTKQLSYCTDPL,High
GHGQHGVHG,High
GHRAYFTFGGGYVYF,High
GHRRAFTFGGGYVYF,High
GHRRYATFGGGYVYF,High
GHRRYFTAGGGYVYF,High
GHRRYFTFG,High
GHRRYFTFGAGYVYF,High
GHRRYFTFGGGY,High
GHRRYFTFGGGYVAF,High
GHRRYFTFGGGYVYA,High
GHRRYFTFGGGYVYF,High
GICRCICGKGICRCICGR,High
GICRCICGRGICRCICGR,High
GICRCICGRRICRCICGR,High
GICRCICGRYICRCICGR,High
GIGGKILSGLKTALKGAAKELASTYLH,High
GIGKFLHSAGKFGKAFVGEIMKS,High
GIGKFLHSAKKFGKAFVGEIMNS,High
GIKEFKREFQRIKDFLRNLV,High
GIKEWKRIVQRIKDFLRNLV,High
GIKQFKRIVQRIKDFLRNLV,High
GINASVVNIQKEIDRLNEVAKNL,High
GINASVVNIQKEIDRLNEVAKNLNESLIDL,High
GINASVVNIQKEIDRLNEVAKNLNESLIDLQELGKYE,High
GKGDFRIL,High
GKINISLCLTGGKMLYNKVT,High
GKKYRRFRWKFKFGKWFWFG,High
GKPRPYSPRPTSHPRPIRV,High
GLASTLTRWAHYNALIRAF,High
GLEEELQFSLGSKINVK,High
GLKKLLGKLLKKLGKLLLK,High
GLLHLHQNIVDVQYM,High
GLNTLKKVFQGLHEAIKLINNHVQ,High
GLQLLGFILAFLGWIGAI,High
GLRRLLGRLLRRLGRLLLR,High
GLRSKIWLWVLLMIWQESNKFKKM,High
GLRSRIWLWVLLMIWQESNRFKRM,High
GMVTQYHQVLATHQEAIEKV,High
GNHILSLVQNAPYGLYFIHFSW,High
GNNRPVYIPQPRPPHPRI,High
GPNFAEISKINTTLLDLSDEMAMLLQEVVKQLNDSYI,High
GPWVWVPAFCQAVGWGDPIT,High
GQGKAHNGRLITANP,High
GQHGVHG,High
GRFKRFRKKFKKLFK,High
GRFKRFRKKFKKLFKKIS,High
GRFKRFRKPFKKLFKKIS,High
GRFKRIRKKLKKLFKKIS,High
GRKKRRQRRR,High
GRKKRRRRRR,High
GRRRRSVQWCAVSQPEATKCFQWQRNMRKVRGPPVSCIKRDSPIQCIQA,High
GSDTSLIDTCGNTPNVSGAN,High
GSWFRAISSWKQRNRWEWRPDF,High
GSWLRDIWDWICEVLSDFK,High
GTAALTEVIPLTEEAEC,High
GTKAATEVIPLTC,High
GTKAATEVIPLTEEAEC,High
GTKALAEVIPLTEEAEC,High
GTKALTAVIPLTEEAEC,High
GTKALTEAIPLTEEAEC,High
GTKALTEVAPLTEEAEC,High
GTKALTEVIALTEEAEC,High
GTKALTEVIPATEEAEC,High
GTKALTEVIPLAEEAEC,High
GTKALTEVIPLTAEAEC,High
GTKALTEVIPLTC,High
GTKALTEVIPLTEAAEC,High
GTKALTEVIPLTEEAEC,High
GTKAWTEVWPLC,High
GTKGLTEVIPLTEEAEC,High
GTKWATEWAPLTAEAEC,High
GTKWLTEVWPLC,High
GTKWLTEWIPLC,High
GTKWLTEWIPLTAEAEC,High
GTKWLTEWIPLTAEC,High
GVFVFNGTSWFITQRNFFS,High
GVISLTPLLVCVAALLLL,High
GVLLLILCLPTLVDCIRNCI,High
GWAGWLLSPRGSRPS,High
GWAGWLLSPRGSRPSWGP,High
GWIGAIVSTALPQWRIYS,High
GYFVQDDGEWKFTGSSYYY,High
GYHLMSFPQAAPHGVVFLHVTW,High
GYRARPKFKAGKR,High
GYVTNRGRQKVVTLTDTTNQ,High
HFPRIWLHSLGQHIY,Medium
HFPRIWLHSLGQHIY,Low
HGNITLGEWYNQTKDLQQKF,Low
HGNITLGEWYNQTKDLQQKF,Medium
HGQHGVHG,Low
HGQHGVHG,Medium
HGQNRWPLSCPQYVYGSV,Medium
HGQNRWPLSCPQYVYGSV,Low
HGVHG,Medium
HGVHG,Low
HGVSGHG,Medium
HGVSGHG,Low
HGVSGHGQ,Low
HGVSGHGQ,Medium
HGVSGHGQHG,Low
HGVSGHGQHG,Medium
HGVSGHGQHGV,Medium
HGVSGHGQHGV,Low
HKILGYTVIAMPEVEGEEIQ,Low
HKILGYTVIAMPEVEGEEIQ,Medium
HRALMRIRQMMT,Low
HRALMRIRQMMT,Medium
HRIAMRIRQMMT,Medium
HRIAMRIRQMMT,Low
HRILARIRQMMT,Low
HRILARIRQMMT,Medium
HRILMRARQMMT,Low
HRILMRARQMMT,Medium
HRILMRIAQMMT,Low
HRILMRIAQMMT,Medium
HRILMRIR,Medium
HRILMRIR,Low
HRILMRIRAMMT,Low
HRILMRIRAMMT,Medium
HRILMRIRQAMT,Low
HRILMRIRQAMT,Medium
HRILMRIRQMAT,Low
HRILMRIRQMAT,Medium
HRILMRIRQMMA,Low
HRILMRIRQMMA,Medium
HRRYFTFGGGYVYF,Low
HRRYFTFGGGYVYF,Medium
HSLIEESQNQQEKNEQELLELDKWASLWNWFNITNW,Medium
HSLIEESQNQQEKNEQELLELDKWASLWNWFNITNW,Low
HTGERDWHLGQGVSI,Medium
HTGERDWHLGQGVSI,Low
HVDKKVADKVLLLKQLRIMRLLTRL,Medium
HVDKKVADKVLLLKQLRIMRLLTRL,Low
HVMLALATVLSIAGAGTGATAI,Low
HVMLALATVLSIAGAGTGATAI,Medium
IAEIQKQGQGQWTYQIYQEP,Low
IAEIQKQGQGQWTYQIYQEP,High
IDISIELNKAKSDLEESKEWIRRSNQKLDSIGNWH,Low
IEVTFVNRRGDGAELWYLSA,High
IEVTFVNRRGDGAELWYLSA,Low
IGLKVEAMEKFLYTAFAMQE,Low
IGLKVEAMEKFLYTAFAMQE,High
IGNIPQYLKGLLGGILGIGL,Low
IGNIPQYLKGLLGGILGIGL,High
IGVTVI,High
IGVTVI,Low
IGVTVIKNNMI,Low
IGVTVIKNNMI,High
IHAEIKNSLKIDNLDVNRCIEAL,High
IHAEIKNSLKIDNLDVNRCIEAL,Low
IKKEKVYLAWVPAHKGIGN,High
IKKEKVYLAWVPAHKGIGN,Low
IKWEYVLLLFLL,Low
IKWEYVLLLFLL,High
ILEYLWKVPFDFWRGVIS,High
ILEYLWKVPFDFWRGVIS,Low
ILGPVLGLVSDTLDDVLGIL,Low
ILGPVLGLVSDTLDDVLGIL,High
ILGPVLGLVSRTLRRVLGIL,Low
ILGPVLGLVSRTLRRVLGIL,High
ILMCFS,Low
ILMCFS,High
ILMCFSI,Low
ILMCFSI,High
ILMCFSID,Low
ILMCFSID,High
ILMCFSIDS,High
ILMCFSIDS,Low
ILMCFSIDSP,Low
ILMCFSIDSP,High
ILMCFSIDSPD,High
ILMCFSIDSPD,Low
ILMCFSIDSPDS,High
ILMCFSIDSPDS,Low
ILMCFSIDSPDSL,Low
ILMCFSIDSPDSL,High
ILMCFSIDSPDSLE,High
ILMCFSIDSPDSLE,Low
ILMCFSIDSPDSLEN,Low
ILMCFSIDSPDSLEN,High
ILMCFSIDSPDSLENI,High
ILMCFSIDSPDSLENI,Low
INLKAIAALAKKLL,High
INLKAIAALAKKLL,Low
IPLRGAFINGRWDSQCHRFS,High
IPLRGAFINGRWDSQCHRFS,Low
IQAQPDQSESELVNQIIEQL,Low
IQAQPDQSESELVNQIIEQL,High
IQKEIDRLNEVAKNLNESLIDLQELGK,Low
IRILQQLLFIHFRIG,Low
IRILQQLLFIHFRIG,High
ISGINASVVNIQKEIDRLNEVAKNLNESLIDLQEL,Low
ISGINASVVNIQKEIDRLNEVAKNLNESLIDLQEL,High
ISLTPLLVCVAALLLLEQ,High
ISLTPLLVCVAALLLLEQ,Low
IWLTALKFLGKHAAKHLAKQQLSKL,High
IWLTALKFLGKHAAKHLAKQQLSKL,Low
KAAKKAAKAAKKAAKWAKKAA,Low
KAAKKAAKAAKKAAKWAKKAA,Low
KAAKKAAKAAKKAAKWAKKAA,Low
KAAKKAAKWAKKAAKWAKKAA,Low
KAAKKAAKWAKKAAKWAKKAA,Low
KAAKKAAKWAKKAAKWAKKAA,Low
KAKAKAKAKAKAKAKAKAKAK,Low
KAKAKAKAKAKAKAKAKAKAK,Low
KAKAKAKAKAKAKAKAKAKAK,Low
KANEGLTWNSLKDK,Low
KANEGLTWNSLKDK,Low
KANEGLTWNSLKDK,Low
KCQLKGEAMHGQVDC,Low
KCQLKGEAMHGQVDC,Low
KCQLKGEAMHGQVDC,Low
KDLKVVAATYVKKK,Low
KDLKVVAATYVKKK,Low
KDLKVVAATYVKKK,Low
KFDSLVECIWDWIDRLWS,Low
KFDSLVECIWDWIDRLWS,Low
KFDSLVECIWDWIDRLWS,Low
KFFRKKSVKK,Low
KFFRKKSVKK,Low
KFFRKKSVKK,Low
KFRRQRPRLSHKGPMPF,Low
KFRRQRPRLSHKGPMPF,Low
KFRRQRPRLSHKGPMPF,Low
KGEAMHGQVDCSPGI,Low
KGEAMHGQVDCSPGI,Low
KGEAMHGQVDCSPGI,Low
KGEAMHGQVDCSPGIWQLDC,Low
KGEAMHGQVDCSPGIWQLDC,Low
KGEAMHGQVDCSPGIWQLDC,Low
KGRGKQGGKVRAKAKTRSS,Low
KGRGKQGGKVRAKAKTRSS,Low
KGRGKQGGKVRAKAKTRSS,Low
KGVSGHGQHGVHG,Low
KGVSGHGQHGVHG,Low
KGVSGHGQHGVHG,Low
KILEPFRKQNPDIVIYQYMD,Low
KILEPFRKQNPDIVIYQYMD,Low
KILEPFRKQNPDIVIYQYMD,Low
KIRPLLVEGT,Low
KIRPLLVEGT,Low
KIRPLLVEGT,Low
KKIKPPLPSVTKLTE,Low
KKIKPPLPSVTKLTE,Low
KKIKPPLPSVTKLTE,Low
KKKKAVAATYVLV,Low
KKKKAVAATYVLV,Low
KKKKAVAATYVLV,Low
KKKKEVAATYVLV,Low
KKKKEVAATYVLV,Low
KKKKEVAATYVLV,Low
KKKKFVAATYVLV,Low
KKKKFVAATYVLV,Low
KKKKFVAATYVLV,Low
KKKKFVKKVAKKVKKVAKKVAKVAVAV,Low
KKKKFVKKVAKKVKKVAKKVAKVAVAV,Low
KKKKFVKKVAKKVKKVAKKVAKVAVAV,Low
KKKKLLAAFLFFF,Low
KKKKLLAAFLFFF,Low
KKKKLLAAFLFFF,Low
KKKKLLAPFLFFF,Low
KKKKLLAPFLFFF,Low
KKKKLLAPFLFFF,Low
KKKKLLAPFLFFV,Low
KKKKLLAPFLFFV,Low
KKKKLLAPFLFFV,Low
KKKKLLAPFLVFF,Low
KKKKLLAPFLVFF,Low
KKKKLLAPFLVFF,Low
KKKKLLLAFLFFF,Low
KKKKLLLAFLFFF,Low
KKKKLLLAFLFFF,Low
KKKKLLLAFLFFV,Low
KKKKLLLAFLFFV,Low
KKKKLLLAFLFFV,Low
KKKKLLLAFLFLF,Low
KKKKLLLAFLFLF,Low
KKKKLLLAFLFLF,Low
KKKKLLLAFYFFF,Low
KKKKLLLAFYFFF,Low
KKKKLLLAFYFFF,Low
KKKKLLLATLFFF,Low
KKKKLLLATLFFF,Low
KKKKLLLATLFFF,Low
KKKKLLLPFLFFF,Low
KKKKLLLPFLFFF,Low
KKKKLLLPFLFFF,Low
KKKKLLLPFLFLF,Low
KKKKLLLPFLFLF,Low
KKKKLLLPFLFLF,Low
KKKKLLLPFLVLF,Low
KKKKLLLPFLVLF,Low
KKKKLLLPFLVLF,Low
KKKKLLLPFYFFF,Low
KKKKLLLPFYFFF,Low
KKKKLLLPFYFFF,Low
KKKKLLLPFYFLF,Low
KKKKLLLPFYFLF,Low
KKKKLLLPFYFLF,Low
KKKKLLLPTLFFV,Low
KKKKLLLPTLFFV,Low
KKKKLLLPTLFFV,Low
KKKKLLLPTLVFF,Low
KKKKLLLPTLVFF,Low
KKKKLLLPTLVFF,Low
KKKKLLLPTYFFF,Low
KKKKLLLPTYFFF,Low
KKKKLLLPTYFFF,Low
KKKKLVAAFYVLV,Low
KKKKLVAAFYVLV,Low
KKKKLVAAFYVLV,Low
KKKKLVAATYVFV,Low
KKKKLVAATYVFV,Low
KKKKLVAATYVFV,Low
KKKKLVAATYVLF,Low
KKKKLVAATYVLF,Low
KKKKLVAATYVLF,Low
KKKKLVAPFLFFF,Low
KKKKLVAPFLFFF,Low
KKKKLVAPFLFFF,Low
KKKKLVLAFLFFF,Low
KKKKLVLAFLFFF,Low
KKKKLVLAFLFFF,Low
KKKKLVLATYVLV,Low
KKKKLVLATYVLV,Low
KKKKLVLATYVLV,Low
KKKKLVLPFLFFF,Low
KKKKLVLPFLFFF,Low
KKKKLVLPFLFFF,Low
KKKKLVLPFLFFV,Low
KKKKLVLPFLFFV,Low
KKKKLVLPFLFFV,Low
KKKKLVLPFLFVF,Low
KKKKLVLPFLFVF,Low
KKKKLVLPFLFVF,Low
KKKKLVLPFLLFF,Low
KKKKLVLPFLLFF,Low
KKKKLVLPFLLFF,Low
KKKKLVLPFYFFF,Low
KKKKLVLPFYFFF,Low
KKKKLVLPFYFFF,Low
KKKKLVLPTLFFF,Low
KKKKLVLPTLFFF,Low
KKKKLVLPTLFFF,Low
KKKKPVAATYVLV,Low
KKKKPVAATYVLV,Low
KKKKPVAATYVLV,Low
KKKKTVAATYVLV,Low
KKKKTVAATYVLV,Low
KKKKTVAATYVLV,Low
KKKKVAAATYVLV,Low
KKKKVAAATYVLV,Low
KKKKVAAATYVLV,Low
KKKKVFAATYVLV,Low
KKKKVFAATYVLV,Low
KKKKVFAATYVLV,Low
KKKKVKAATYVLV,Low
KKKKVKAATYVLV,Low
KKKKVKAATYVLV,Low
KKKKVLAATYVLV,Low
KKKKVLAATYVLV,Low
KKKKVLAATYVLV,Low
KKKKVLAPFLFFF,Low
KKKKVLAPFLFFF,Low
KKKKVLAPFLFFF,Low
KKKKVLAPTYVLV,Low
KKKKVLAPTYVLV,Low
KKKKVLAPTYVLV,Low
KKKKVLLPFLFFF,Low
KKKKVLLPFLFFF,Low
KKKKVLLPFLFFF,Low
KKKKVLLPFYFFF,Low
KKKKVLLPFYFFF,Low
KKKKVLLPFYFFF,Low
KKKKVPAATYVLV,Low
KKKKVPAATYVLV,Low
KKKKVPAATYVLV,Low
KKKKVTAATYVLV,Low
KKKKVTAATYVLV,Low
KKKKVTAATYVLV,Low
KKKKVVAAAYVLV,Low
KKKKVVAAAYVLV,Low
KKKKVVAAAYVLV,Low
KKKKVVAAEYVLV,Low
KKKKVVAAEYVLV,Low
KKKKVVAAEYVLV,Low
KKKKVVAAFLVLV,Low
KKKKVVAAFLVLV,Low
KKKKVVAAFLVLV,Low
KKKKVVAAFYFLV,Low
KKKKVVAAFYFLV,Low
KKKKVVAAFYFLV,Low
KKKKVVAAFYVLF,Low
KKKKVVAAFYVLF,Low
KKKKVVAAFYVLF,Low
KKKKVVAAFYVLV,Low
KKKKVVAAFYVLV,Low
KKKKVVAAFYVLV,Low
KKKKVVAAGYVLV,Low
KKKKVVAAGYVLV,Low
KKKKVVAAGYVLV,Low
KKKKVVAALYVLV,Low
KKKKVVAALYVLV,Low
KKKKVVAALYVLV,Low
KKKKVVAATAVLV,Low
KKKKVVAATAVLV,Low
KKKKVVAATAVLV,Low
KKKKVVAATEVLV,Low
KKKKVVAATEVLV,Low
KKKKVVAATEVLV,Low
KKKKVVAATFVLV,Low
KKKKVVAATFVLV,Low
KKKKVVAATFVLV,Low
KKKKVVAATGVLV,Low
KKKKVVAATGVLV,Low
KKKKVVAATGVLV,Low
KKKKVVAATLVLF,Low
KKKKVVAATLVLF,Low
KKKKVVAATLVLF,Low
KKKKVVAATTVLV,Low
KKKKVVAATTVLV,Low
KKKKVVAATTVLV,Low
KKKKVVAATYFFFA,Low
KKKKVVAATYFFFA,Low
KKKKVVAATYFFFA,Low
KKKKVVAATYFLV,Low
KKKKVVAATYFLV,Low
KKKKVVAATYFLV,Low
KKKKVVAATYFLVA,Low
KKKKVVAATYFLVA,Low
KKKKVVAATYFLVA,Low
KKKKVVAATYKKKK,Low
KKKKVVAATYKKKK,Low
KKKKVVAATYKKKK,Low
KKKKVVAATYKKVA,Low
KKKKVVAATYKKVA,Low
KKKKVVAATYKKVA,Low
KKKKVVAATYLLV,Low
KKKKVVAATYLLV,Low
KKKKVVAATYLLV,Low
KKKKVVAATYVAV,Low
KKKKVVAATYVAV,Low
KKKKVVAATYVAV,Low
KKKKVVAATYVFV,Low
KKKKVVAATYVFV,Low
KKKKVVAATYVFV,Low
KKKKVVAATYVGV,Low
KKKKVVAATYVGV,Low
KKKKVVAATYVGV,Low
KKKKVVAATYVKKA,Low
KKKKVVAATYVKKA,Low
KKKKVVAATYVKKA,Low
KKKKVVAATYVLA,Low
KKKKVVAATYVLA,Low
KKKKVVAATYVLA,Low
KKKKVVAATYVLF,Low
KKKKVVAATYVLF,Low
KKKKVVAATYVLF,Low
KKKKVVAATYVLFA,Low
KKKKVVAATYVLFA,Low
KKKKVVAATYVLFA,Low
KKKKVVAATYVLG,Low
KKKKVVAATYVLG,Low
KKKKVVAATYVLG,Low
KKKKVVAATYVLL,Low
KKKKVVAATYVLL,Low
KKKKVVAATYVLL,Low
KKKKVVAATYVLT,Low
KKKKVVAATYVLT,Low
KKKKVVAATYVLT,Low
KKKKVVAATYVLV,Low
KKKKVVAATYVLV,Low
KKKKVVAATYVLV,Low
KKKKVVAATYVLVA,Low
KKKKVVAATYVLVA,Low
KKKKVVAATYVLVA,Low
KKKKVVAATYVLVF,Low
KKKKVVAATYVLVF,Low
KKKKVVAATYVLVF,Low
KKKKVVAATYVPV,Low
KKKKVVAATYVPV,Low
KKKKVVAATYVPV,Low
KKKKVVAETYVLV,Low
KKKKVVAETYVLV,Low
KKKKVVAETYVLV,Low
KKKKVVAFTYVLV,Low
KKKKVVAFTYVLV,Low
KKKKVVAFTYVLV,Low
KKKKVVAGTYVLV,Low
KKKKVVAGTYVLV,Low
KKKKVVAGTYVLV,Low
KKKKVVAKTYVLV,Low
KKKKVVAKTYVLV,Low
KKKKVVAKTYVLV,Low
KKKKVVAPFYVLV,Low
KKKKVVAPFYVLV,Low
KKKKVVAPFYVLV,Low
KKKKVVAPTLVLV,Low
KKKKVVAPTLVLV,Low
KKKKVVAPTLVLV,Low
KKKKVVAPTYFLV,Low
KKKKVVAPTYFLV,Low
KKKKVVAPTYFLV,Low
KKKKVVAPTYVLF,Low
KKKKVVAPTYVLF,Low
KKKKVVAPTYVLF,Low
KKKKVVATTYVLV,Low
KKKKVVATTYVLV,Low
KKKKVVATTYVLV,Low
KKKKVVFATYVLV,Low
KKKKVVFATYVLV,Low
KKKKVVFATYVLV,Low
KKKKVVGATYVLV,Low
KKKKVVGATYVLV,Low
KKKKVVGATYVLV,Low
KKKKVVKATYVLV,Low
KKKKVVKATYVLV,Low
KKKKVVKATYVLV,Low
KKKKVVLAFYVLV,Low
KKKKVVLAFYVLV,Low
KKKKVVLAFYVLV,Low
KKKKVVLATLVLV,Low
KKKKVVLATLVLV,Low
KKKKVVLATLVLV,Low
KKKKVVLATYVLV,Low
KKKKVVLATYVLV,Low
KKKKVVLATYVLV,Low
KKKKVVLPFLFFF,Low
KKKKVVLPFLFFF,Low
KKKKVVLPFLFFF,Low
KKKKVVTATYVLV,Low
KKKKVVTATYVLV,Low
KKKKVVTATYVLV,Low
KKLVAASQAALGL,Low
KKLVAASQAALGL,Low
KKLVAASQAALGL,Low
KKVTMTCSAS,Low
KKVTMTCSAS,Low
KKVTMTCSAS,Low
KNNMINNDLG,Low
KPFVFLM,Low
KPFVFLM,Low
KPFVFLM,Low
KPKQIKPPLPSV,Low
KPKQIKPPLPSV,Low
KPKQIKPPLPSV,Low
KQLSYCTDPLQIPLINYTFG,Low
KQLSYCTDPLQIPLINYTFG,Low
KQLSYCTDPLQIPLINYTFG,Low
KQRNRWEWRPDFKSKKVKISLPC,Low
KQRNRWEWRPDFKSKKVKISLPC,Low
KQRNRWEWRPDFKSKKVKISLPC,Low
KRIVQRIKDFLR,Low
KRIVQRIKDFLR,Low
KRIVQRIKDFLR,Low
KRIVQRIKDFLRNLVPRTES,Low
KRIVQRIKDFLRNLVPRTES,Low
KRIVQRIKDFLRNLVPRTES,Low
KRKRAVKRVGRRLKKKLARKIARLGVAF,Low
KRKRAVKRVGRRLKKKLARKIARLGVAF,Low
KRKRAVKRVGRRLKKKLARKIARLGVAF,Low
KRKRAVKRVGRRLKKLARKIARLGVAKLAGLRAVKLF,Low
KRKRAVKRVGRRLKKLARKIARLGVAKLAGLRAVKLF,Low
KRKRAVKRVGRRLKKLARKIARLGVAKLAGLRAVKLF,Low
KRKRFAKKFLRFLRKVIRFLKRFIRRF,Low
KRKRFAKKFLRFLRKVIRFLKRFIRRF,Low
KRKRFAKKFLRFLRKVIRFLKRFIRRF,Low
KRRGGGKLLKLLLKLLLKLLKC,Low
KRRGGGKLLKLLLKLLLKLLKC,Low
KRRGGGKLLKLLLKLLLKLLKC,Low
KSETKN,Low
KSETKN,Low
KSETKN,Low
KSKKVKISLPCNSTKNLTFA,Low
KSKKVKISLPCNSTKNLTFA,Low
KSKKVKISLPCNSTKNLTFA,Low
KTELQAIYLALQDSGLEVNI,Low
KTELQAIYLALQDSGLEVNI,Low
KTELQAIYLALQDSGLEVNI,Low
KTTSSIEFARLQFTY,Low
KTTSSIEFARLQFTY,Low
KTTSSIEFARLQFTY,Low
KVGSLQYLALAALIT,Low
KVGSLQYLALAALIT,Low
KVGSLQYLALAALIT,Low
KVINPEPIVEPFMSKPFALF,Low
KVINPEPIVEPFMSKPFALF,Low
KVINPEPIVEPFMSKPFALF,Low
KVPAQNAISTTFPYT,Low
KVPAQNAISTTFPYT,Low
KVPAQNAISTTFPYT,Low
KVPFDFWRGVISLTPLLV,Low
KVPFDFWRGVISLTPLLV,Low
KVPFDFWRGVISLTPLLV,Low
KWESEFWRWTEQLASNYW,Low
KWESEFWRWTEQLASNYW,Low
KWESEFWRWTEQLASNYW,Low
KWEYVLLLFLL,Low
KWEYVLLLFLL,Low
KWEYVLLLFLL,Low
KWLCRIWSWISDVLDDFE,Low
KWLCRIWSWISDVLDDFE,Low
KWLCRIWSWISDVLDDFE,Low
KWLTEWIPLTAEAEC,Low
KWLTEWIPLTAEAEC,Low
KWLTEWIPLTAEAEC,Low
KWLTEWIPLTAEC,Low
KWLTEWIPLTAEC,Low
KWLTEWIPLTAEC,Low
KWVRLGRKLLRRLKKPFK,Low
KWVRLGRKLLRRLKKPFK,Low
KWVRLGRKLLRRLKKPFK,Low
KWVRLGRKLLRRLKKPFT,Low
KWVRLGRKLLRRLKKPFT,Low
KWVRLGRKLLRRLKKPFT,Low
KYAKKAAKYAKKAAKYAKKAA,Low
KYAKKAAKYAKKAAKYAKKAA,Low
KYAKKAAKYAKKAAKYAKKAA,Low
LAAIPMSIPPEVKFNKPFVF,Low
LAAIPMSIPPEVKFNKPFVF,High
LAAIPMSIPPEVKFNKPFVF,Low
LAQMYPL,Low
LAQMYPL,High
LAQMYPL,Low
LASNYWILEYLWKVPFDF,Low
LASNYWILEYLWKVPFDF,Low
LASNYWILEYLWKVPFDF,High
LCDCPNGPWVWVPAFCQAVG,Low
LCDCPNGPWVWVPAFCQAVG,High
LCDCPNGPWVWVPAFCQAVG,Low
LCLRNWDQGHRP,High
LCLRNWDQGHRP,Low
LCLRNWDQGHRP,Low
LDCWVRLGRYLLRRLKTP,Low
LDCWVRLGRYLLRRLKTP,High
LDCWVRLGRYLLRRLKTP,Low
LDCWVRLGRYLLRRLKTPFTRL,Low
LDCWVRLGRYLLRRLKTPFTRL,High
LDCWVRLGRYLLRRLKTPFTRL,Low
LDLEYEMKKLEEAIKKLEESYIDLKELGTYEYYVKW,Low
LDLEYEMKKLEEAIKKLEESYIDLKELGTYEYYVKW,Low
LDLEYEMKKLEEAIKKLEESYIDLKELGTYEYYVKW,High
LDLSDEMAMLLQEVVKQLNDSYIDLKELGNYTYYNKW,Low
LDLSDEMAMLLQEVVKQLNDSYIDLKELGNYTYYNKW,Low
LDLSDEMAMLLQEVVKQLNDSYIDLKELGNYTYYNKW,High
LEAAPMSIPPEVKFNKPFVF,High
LEAAPMSIPPEVKFNKPFVF,Low
LEAAPMSIPPEVKFNKPFVF,Low
LEAIAMSIPPEVKFNKPFVF,Low
LEAIAMSIPPEVKFNKPFVF,High
LEAIAMSIPPEVKFNKPFVF,Low
LEAIPASIPPEVKFNKPFVF,High
LEAIPASIPPEVKFNKPFVF,Low
LEAIPASIPPEVKFNKPFVF,Low
LEAIPCSIPPCFAFNKPFVF,Low
LEAIPCSIPPCFAFNKPFVF,High
LEAIPCSIPPCFAFNKPFVF,Low
LEAIPCSIPPCFLFGKPFVF,High
LEAIPCSIPPCFLFGKPFVF,Low
LEAIPCSIPPCFLFGKPFVF,Low
LEAIPCSIPPCVAFNKPFVF,Low
LEAIPCSIPPCVAFNKPFVF,High
LEAIPCSIPPCVFFGKPFVF,Low
LEAIPCSIPPCVFFGKPFVF,High
LEAIPCSIPPCVFFGKPFVF,Low
LEAIPCSIPPCVGFGKPFVF,Low
LEAIPCSIPPCVGFGKPFVF,High
LEAIPCSIPPCVGFGKPFVF,Low
LEAIPCSIPPCVLFNKPFVF,Low
LEAIPCSIPPCVLFNKPFVF,Low
LEAIPCSIPPCVLFNKPFVF,High
LEAIPCSIPPCFLFNKPFVF,High
LEAIPCSIPPCFLFNKPFVF,Low
LEAIPCSIPPCFLFNKPFVF,Low
LEAIPCSIPPCVAFNKPFVF,Low
LEAIPCSIPPCVFFNKPFVF,High
LEAIPCSIPPCVFFNKPFVF,Low
LEAIPCSIPPCVFFNKPFVF,Low
LEAIPMCIPPECAFNKPFVF,Low
LEAIPMCIPPECAFNKPFVF,Low
LEAIPMCIPPECAFNKPFVF,High
LEAIPMSAPPEVKFNKPFVF,Low
LEAIPMSAPPEVKFNKPFVF,Low
LEAIPMSAPPEVKFNKPFVF,High
LEAIPMSIAPEVKFNKPFVF,Low
LEAIPMSIAPEVKFNKPFVF,Low
LEAIPMSIAPEVKFNKPFVF,High
LEAIPMSIPAEVKFNKPFVF,Low
LEAIPMSIPAEVKFNKPFVF,Low
LEAIPMSIPAEVKFNKPFVF,High
LEAIPMSIPPAVKFNKPFVF,High
LEAIPMSIPPAVKFNKPFVF,Low
LEAIPMSIPPAVKFNKPFVF,Low
LEAIPMSIPPEAKFNKPFVF,Low
LEAIPMSIPPEAKFNKPFVF,Low
LEAIPMSIPPEAKFNKPFVF,High
LEAIPMSIPPEFLFGKPFVF,Low
LEAIPMSIPPEFLFGKPFVF,High
LEAIPMSIPPEFLFGKPFVF,Low
LEAIPMSIPPEVAFAKPFVF,Low
LEAIPMSIPPEVAFAKPFVF,Low
LEAIPMSIPPEVAFAKPFVF,High
LEAIPMSIPPEVAFNKPFVF,Low
LEAIPMSIPPEVAFNKPFVF,Low
LEAIPMSIPPEVAFNKPFVF,High
LEAIPMSIPPEVFFNKPFVF,Low
LEAIPMSIPPEVFFNKPFVF,High
LEAIPMSIPPEVFFNKPFVF,Low
LEAIPMSIPPEVKANKPFVF,Low
LEAIPMSIPPEVKANKPFVF,Low
LEAIPMSIPPEVKANKPFVF,High
LEAIPMSIPPEVKFAKPFVF,Low
LEAIPMSIPPEVKFAKPFVF,High
LEAIPMSIPPEVKFAKPFVF,Low
LEAIPMSIPPEVKFNAPFVF,High
LEAIPMSIPPEVKFNAPFVF,Low
LEAIPMSIPPEVKFNAPFVF,Low
LEAIPMSIPPEVKFNKAFVF,High
LEAIPMSIPPEVKFNKAFVF,Low
LEAIPMSIPPEVKFNKAFVF,Low
LEAIPMSIPPEVKFNKPAVF,Low
LEAIPMSIPPEVKFNKPAVF,High
LEAIPMSIPPEVKFNKPAVF,Low
LEAIPMSIPPEVKFNKPFAF,Low
LEAIPMSIPPEVKFNKPFAF,High
LEAIPMSIPPEVKFNKPFAF,Low
LEAIPMSIPPEVKFNKPFVA,Low
LEAIPMSIPPEVKFNKPFVA,Low
LEAIPMSIPPEVKFNKPFVA,High
LEAIPMSIPPEVKFNKPFVF,Low
LEHGSCVTTMAKDKPTL,Low
LEHGSCVTTMAKDKPTL,Low
LEHGSCVTTMAKDKPTL,High
LESEVTAIKNALKKTNEAVSTLGNGVRVLATAVRE,Low
LESEVTAIKNALKKTNEAVSTLGNGVRVLATAVRE,High
LESEVTAIKNALKKTNEAVSTLGNGVRVLATAVRE,Low
LEYLWKVPFDFWRGVISL,Low
LEYLWKVPFDFWRGVISL,High
LEYLWKVPFDFWRGVISL,Low
LEYSI,Low
LEYSI,Low
LEYSI,High
LFYLVPGPGH,High
LFYLVPGPGH,Low
LFYLVPGPGH,Low
LGCNQNQFFCKIPLELWTRY,Low
LGCNQNQFFCKIPLELWTRY,Low
LGCNQNQFFCKIPLELWTRY,High
LGNVNNSISNALDKLEESNSKLDKVNVKLTGTSAL,High
LGNVNNSISNALDKLEESNSKLDKVNVKLTGTSAL,Low
LGNVNNSISNALDKLEESNSKLDKVNVKLTGTSAL,Low
LGQGVSIEWRKKRYS,High
LGQGVSIEWRKKRYS,Low
LGQGVSIEWRKKRYS,Low
LHQNIVDVQYMYGLS,Low
LHQNIVDVQYMYGLS,High
LHQNIVDVQYMYGLS,Low
LITPKKIKPPLPSVT,High
LITPKKIKPPLPSVT,Low
LITPKKIKPPLPSVT,Low
LKAKTNISIREGPTLGNWAR,High
LKAKTNISIREGPTLGNWAR,Low
LKAKTNISIREGPTLGNWAR,Low
LKVLLYEEFKLLESLIMEILEYQKDSDIKENAEDTK,High
LKVLLYEEFKLLESLIMEILEYQKDSDIKENAEDTK,Low
LKVLLYEEFKLLESLIMEILEYQKDSDIKENAEDTK,Low
LKWESEFWRWTEQLASNY,Low
LKWESEFWRWTEQLASNY,Low
LKWESEFWRWTEQLASNY,High
LLDCWVRLGRYLLRRLK,High
LLDCWVRLGRYLLRRLK,Low
LLDCWVRLGRYLLRRLK,Low
LLDCWVRLGRYLLRRLKT,Low
LLDCWVRLGRYLLRRLKT,High
LLDCWVRLGRYLLRRLKT,Low
LLDCWVRLGRYLLRRLKTP,Low
LLDCWVRLGRYLLRRLKTP,High
LLDCWVRLGRYLLRRLKTP,Low
LLDCWVRLGRYLLRRLKTPFT,Low
LLDCWVRLGRYLLRRLKTPFT,High
LLDCWVRLGRYLLRRLKTPFT,Low
LLDCWVRLGRYLLRRLKTPFTRL,Low
LLDCWVRLGRYLLRRLKTPFTRL,Low
LLDCWVRLGRYLLRRLKTPFTRL,High
LLEYS,High
LLEYS,Low
LLEYS,Low
LLEYSI,Low
LLEYSI,High
LLEYSI,Low
LLEYSL,Low
LLEYSL,Low
LLEYSL,High
LLFLKVPAQNAISTTFPYT,High
LLFLKVPAQNAISTTFPYT,Low
LLFLKVPAQNAISTTFPYT,Low
LLGDLLRKSKEKIGKEFKRIVQR,Low
LLGDLLRKSKEKIGKEFKRIVQR,Low
LLGDLLRKSKEKIGKEFKRIVQR,High
LLGDLLRKSKEKIGKEFKRIVQRIKDFLRNLVPRTES,Low
LLGDLLRKSKEKIGKEFKRIVQRIKDFLRNLVPRTES,High
LLGDLLRKSKEKIGKEFKRIVQRIKDFLRNLVPRTES,Low
LLGFILAFLGWIGAIVST,Low
LLGFILAFLGWIGAIVST,High
LLGFILAFLGWIGAIVST,Low
LLGGILGIGLGVLLLILCLP,High
LLGGILGIGLGVLLLILCLP,Low
LLGGILGIGLGVLLLILCLP,Low
LLKELWTKIKGAGKAVLGKIKGLL,High
LLKELWTKIKGAGKAVLGKIKGLL,Low
LLKELWTKIKGAGKAVLGKIKGLL,Low
LLMVNEATRFQTVSGFV,Low
LLMVNEATRFQTVSGFV,High
LLMVNEATRFQTVSGFV,Low
LMRIR,High
LMRIR,Low
LMRIR,Low
LMRIRQMMT,High
LMRIRQMMT,Low
LMRIRQMMT,Low
LNLFKKTINGLISDSLVIR,Low
LNLFKKTINGLISDSLVIR,Low
LNLFKKTINGLISDSLVIR,High
LPAFCQAIGWGDPITHWS,Low
LPAFCQAIGWGDPITHWS,High
LPAFCQAIGWGDPITHWS,Low
LPLPAPSFHRTT,High
LPLPAPSFHRTT,Low
LPLPAPSFHRTT,Low
LPRRLHLEPAFLPYSVKAHE,Low
LPRRLHLEPAFLPYSVKAHE,Low
LPRRLHLEPAFLPYSVKAHE,High
LPRRLHLEPAFLPYSVKAHEC,Low
LPRRLHLEPAFLPYSVKAHEC,High
LPRRLHLEPAFLPYSVKAHEC,Low
LPRRLHLEPAFLPYSVKAHECC,High
LPRRLHLEPAFLPYSVKAHECC,Low
LPRRLHLEPAFLPYSVKAHECC,Low
LQDSGLEVNIVTDSQYALGI,High
LQDSGLEVNIVTDSQYALGI,Low
LQDSGLEVNIVTDSQYALGI,Low
LQEVDAGNFIPPPRWLLL,Low
LQEVDAGNFIPPPRWLLL,High
LQEVDAGNFIPPPRWLLL,Low
LQKWEDWVRWIGNIPQYLKG,High
LQKWEDWVRWIGNIPQYLKG,Low
LQKWEDWVRWIGNIPQYLKG,Low
LQQLLFIHFRIGCQH,Low
LQQLLFIHFRIGCQH,Low
LQQLLFIHFRIGCQH,High
LQYLALAALITPKKI,Low
LQYLALAALITPKKI,Low
LQYLALAALITPKKI,High
LRDIWDWICEVLSDFK,Low
LRDIWDWICEVLSDFK,Low
LRDIWDWICEVLSDFK,High
LRVRLASHLRKLRKRLLRDADDLQKRLAVY,Low
LRVRLASHLRKLRKRLLRDADDLQKRLAVY,Low
LRVRLASHLRKLRKRLLRDADDLQKRLAVY,High
LSELDDRADALQAGASQFETSAAKLKRKYWWKN,High
LSELDDRADALQAGASQFETSAAKLKRKYWWKN,Low
LSELDDRADALQAGASQFETSAAKLKRKYWWKN,Low
LTCAVACELKWESEFWRW,Low
LTCAVACELKWESEFWRW,High
LTCAVACELKWESEFWRW,Low
LTEDRWNKPQKTKGH,High
LTEDRWNKPQKTKGH,Low
LTEDRWNKPQKTKGH,Low
LTQINTTLLDLTYEMLSLQQVVKALNESYIDLKEL,Low
LTQINTTLLDLTYEMLSLQQVVKALNESYIDLKEL,High
LTQINTTLLDLTYEMLSLQQVVKALNESYIDLKEL,Low
LVQPRGPRSGPGPWQGGRRKFRRQRPRLSHKGPMPF,High
LVQPRGPRSGPGPWQGGRRKFRRQRPRLSHKGPMPF,Low
LVQPRGPRSGPGPWQGGRRKFRRQRPRLSHKGPMPF,Low
LVRRRSELMGRRNPVCPG,High
LVRRRSELMGRRNPVCPG,Low
LVRRRSELMGRRNPVCPG,Low
LVTLEHQVLVIGLKVEAMEK,Low
LVTLEHQVLVIGLKVEAMEK,High
LVTLEHQVLVIGLKVEAMEK,Low
LWKVPFDFWRGVISLTPL,High
LWKVPFDFWRGVISLTPL,Low
LWKVPFDFWRGVISLTPL,Low
LYGNEGCGWAGWLLSPRG,Low
LYGNEGCGWAGWLLSPRG,Low
LYGNEGCGWAGWLLSPRG,High
LYYFDCFSESAIRKA,Low
LYYFDCFSESAIRKA,High
LYYFDCFSESAIRKA,Low
MAILGDTAWDFGSLGGVFTSIGKALHQVFGAIY,High
MANAGLQLLGFILA,High
MANAGLQLLGFILAFL,High
MANAGLQLLGFILAFLGWIG,High
MANAGLQLLGFILAFLGWIGAI,High
MANAGLQLLGFILAFLGWIGAIVS,High
MANSGLQLLGFSMALLGW,High
MASAGMQILGVVLTLLGW,High
MASTGLELLGMTLAVLGW,High
MAVGLVLCDWWLGEYLLEA,High
MDVNP,High
MDVNPCLLFLKVPAQ,High
MDVNPFLLFLKVPAQ,High
MDVNPHLLFLKVPAQ,High
MDVNPT,High
MDVNPTFLFLKVPAQ,High
MDVNPTL,High
MDVNPTLL,High
MDVNPTLLF,High
MDVNPTLLFIDVPAQ,High
MDVNPTLLFL,High
MDVNPTLLFLK,High
MDVNPTLLFLKV,High
MDVNPTLLFLKVP,High
MDVNPTLLFLKVPA,High
MDVNPTLLFLKVPAQ,High
MDVNPTLLFLKVPAQN,High
MDVNPTLLFLKVPAQNAI,High
MDVNPTLLFLKVPAQNAIST,High
MDVNPTLLFLKVPAQNAISTTFPYT,High
MDVNPWLLFLKVPAQ,High
MDVNPYFLFLKVPAQ,High
MDVNPYLLFLKVPAQ,High
MFNMLSTVLG,High
MGRFKRFRKKFKKLFKKLS,High
MHGQVDCSPGIWQLD,High
MITHGCYTRTRHKHKLKKTL,High
MLRKRRKRL,High
MNINPTLLFLKVPAQ,High
MNINPTLLFLKVPIQ,High
MNINPYPLFIDVPIQ,High
MPEVEGEEIQPQMELRRNGR,High
MPKTRRRPRRSQRKRPPTPWP,High
MPKTRRRPRRSQRKRPPTPWPYGRKKRRQRRR,High
MRSSGDYGEVTGAWIEFGCH,High
MTWEEWDKKIEEYTKKIEELIKKSQNQQ,High
MTWEEWDKKIEEYTKKIEELIKKSQNQQIDL,High
MVALGDTAWDFGSVGGVLTSIGKGIHQVFGSAFKSL,High
MWKTPTLKYFGGFNFSQI,High
MWKTPTLKYFGGFNFSQIL,High
MYNCSLQNGFTMKVDDLIVH,High
NADIIKSLIRKTIINASKNTASLSILQHLYVLRS,Low
NADIIKSLIRKTIINASKNTASLSILQHLYVLRS,Low
NDSRGIDAEEELETKAELVITKLKTPLMRGKVVVGAAGA,Low
NDSRGIDAEEELETKAELVITKLKTPLMRGKVVVGAAGA,Low
NFYDPLVFPSDEFDASISQVNEKINQSLASIRKSDELLHNVNAGK,Low
NFYDPLVFPSDEFDASISQVNEKINQSLASIRKSDELLHNVNAGK,Low
NGAICWGPCPTAFRQIGNCGHFKVRCCKIR,Low
NGAICWGPCPTAFRQIGNCGHFKVRCCKIR,Low
NGAICWGPCPTAFRQIGNCGRFRVRCCRIR,Low
NGAICWGPCPTAFRQIGNCGRFRVRCCRIR,Low
NGESSADWAKN,Low
NGESSADWAKN,Low
NGIGVTQNVLYENQKQIANQFNKAISQIQESLTTTSTA,Low
NGIGVTQNVLYENQKQIANQFNKAISQIQESLTTTSTA,Low
NHEAEDLFY,Low
NHEAEDLFY,Low
NIAGNWSCTSDLPSSWGYMN,Low
NIAGNWSCTSDLPSSWGYMN,Low
NKPFVFLM,Low
NKPFVFLM,Low
NLTCAVACELKWESEFWR,Low
NLTCAVACELKWESEFWR,Low
NLVSGLIEARKYLEQLHRKLKNRKV,Low
NLVSGLIEARKYLEQLHRKLKNRKV,Low
NMTINQTIWNHGNITLGEWY,Low
NMTINQTIWNHGNITLGEWY,Low
NQIIEQLIKKEKVY,Low
NQIIEQLIKKEKVY,Low
NQNAQALNTLVKQLSSNFGAISSVLNDILSRLDKVEAEVQIDRLIT,Low
NQNAQALNTLVKQLSSNFGAISSVLNDILSRLDKVEAEVQIDRLIT,Low
NQTKDLQQKFYEIIMDIEQN,Low
NQTKDLQQKFYEIIMDIEQN,Low
NQVGD,Low
NQVGD,Low
NQVSATCSVK,Low
NQVSATCSVK,Low
NVQGKTGIQQLQKWEDWVRW,Low
NVQGKTGIQQLQKWEDWVRW,Low
NVTFLDLEYEMKKLEEAIKKLEESYIDLKELGTYEY,Low
NVTFLDLEYEMKKLEEAIKKLEESYIDLKELGTYEY,Low
NYWILEYLWKVPFDFWRG,Low
NYWILEYLWKVPFDFWRG,Low
QAKTFLDKFNHEA,Low
QAKTFLDKFNHEA,Low
QEGISRFKICPYHWYKQHMSLLFRRYYHKLDSII,Low
QEGISRFKICPYHWYKQHMSLLFRRYYHKLDSII,Low
QGSWFGCTWMNSTGF,Low
QGSWFGCTWMNSTGF,Low
QHGVHG,Low
QHGVHG,Low
QIQDPEIPKCGWWNQMAYYN,Low
QIQDPEIPKCGWWNQMAYYN,Low
QKEGLHYTCSSHFPYSQYQF,Low
QKEGLHYTCSSHFPYSQYQF,Low
QKQIANQFNKAISQIQESLTTTSTALGKLQDVVNQNAQALNTLVKQ,Low
QKQIANQFNKAISQIQESLTTTSTALGKLQDVVNQNAQALNTLVKQ,Low
QKWEDWVRWIGN,Low
QKWEDWVRWIGN,Low
QLASNYWILEYLWKVPFD,Low
QLASNYWILEYLWKVPFD,Low
QLIHLYYFDCFSESA,Low
QLIHLYYFDCFSESA,Low
QLLIRMI,Low
QLLIRMI,Low
QLLIRMIYKNI,Low
QLLIRMIYKNI,Low
QLLIRMIYKNILFYLVPGPGHGAEPERRNIKYL,Low
QLLIRMIYKNILFYLVPGPGHGAEPERRNIKYL,Low
QLQKWEDWVRWI,Low
QLQKWEDWVRWI,Low
QLQKWEDWVRWIGNIPQYLKG,Low
QLQKWEDWVRWIGNIPQYLKG,Low
QNQSANQFQKEISQINEVLTTTNTSLGKLQDDVNQNNQSLNTLQKE,Low
QNQSANQFQKEISQINEVLTTTNTSLGKLQDDVNQNNQSLNTLQKE,Low
QQLLFIHFRIGCQHS,Low
QQLLFIHFRIGCQHS,Low
QRPRLSHKGPMPF,Low
QRPRLSHKGPMPF,Low
QVDPDLADQLIHLYY,Low
QVDPDLADQLIHLYY,Low
RDWHLGQGVSIEWRK,Low
RDWHLGQGVSIEWRK,Low
RDWHLGQGVSIEWRK,Low
REINNYTSLIHSLIEESQNQQEKNEQELLELDKWAS,Low
REINNYTSLIHSLIEESQNQQEKNEQELLELDKWAS,Low
REINNYTSLIHSLIEESQNQQEKNEQELLELDKWAS,Low
RFPFHRCGAGPKLTKDLE,Low
RFPFHRCGAGPKLTKDLE,Low
RFPFHRCGAGPKLTKDLE,Low
RGAHIKGRWDSRCHRF,Low
RGAHIKGRWDSRCHRF,Low
RGAHIKGRWDSRCHRF,Low
RGAHIKGRWKSRCHRF,Low
RGAHIKGRWKSRCHRF,Low
RGAHIKGRWKSRCHRF,Low
RGAHINGRWDSRCHRF,Low
RGAHINGRWDSRCHRF,Low
RGAHINGRWDSRCHRF,Low
RGILRNWYNPFAGLRQSLEQ,Low
RGILRNWYNPFAGLRQSLEQ,Low
RGILRNWYNPFAGLRQSLEQ,Low
RGIYR,Low
RGIYR,Low
RGIYR,Low
RGRRGIYR,Low
RGRRGIYR,Low
RGRRGIYR,Low
RGTKALTEVIPLTEEAEC,Low
RGTKALTEVIPLTEEAEC,Low
RGTKALTEVIPLTEEAEC,Low
RGVISLTPLLVCVAALLL,Low
RGVISLTPLLVCVAALLL,Low
RGVISLTPLLVCVAALLL,Low
RGVSGHGQHGVHG,Low
RGVSGHGQHGVHG,Low
RGVSGHGQHGVHG,Low
RHHYESTHPRISSEV,Low
RHHYESTHPRISSEV,Low
RHHYESTHPRISSEV,Low
RIGRNPSQVGD,Low
RIGRNPSQVGD,Low
RIGRNPSQVGD,Low
RKAILGHIVSPRCEY,Low
RKAILGHIVSPRCEY,Low
RKAILGHIVSPRCEY,Low
RKFFKKIYRFFRKLLKRL,Low
RKFFKKIYRFFRKLLKRL,Low
RKFFKKIYRFFRKLLKRL,Low
RLAAKCAARFAEHGLKRG,Low
RLAAKCAARFAEHGLKRG,Low
RLAAKCAARFAEHGLKRG,Low
RLFDKIRQVIRKF,Low
RLFDKIRQVIRKF,Low
RLFDKIRQVIRKF,Low
RLFFKCIYRFFEHGLKRG,Low
RLFFKCIYRFFEHGLKRG,Low
RLFFKCIYRFFEHGLKRG,Low
RLLRRLLRRLLRRLLRRLLR,Low
RLLRRLLRRLLRRLLRRLLR,Low
RLLRRLLRRLLRRLLRRLLR,Low
RMIYKNILFYLVPGPGHGAEPERRNIKYL,Low
RMIYKNILFYLVPGPGHGAEPERRNIKYL,Low
RMIYKNILFYLVPGPGHGAEPERRNIKYL,Low
RNPNQVGD,Low
RNPNQVGD,Low
RNPNQVGD,Low
RNPSQVGD,Low
RNPSQVGD,Low
RNPSQVGD,Low
RPKHPIKHQGLPQEVLNENLLRF,Low
RPKHPIKHQGLPQEVLNENLLRF,Low
RPKHPIKHQGLPQEVLNENLLRF,Low
RPRGRRGSRPSGAERRRRRAAAA,Low
RPRGRRGSRPSGAERRRRRAAAA,Low
RPRGRRGSRPSGAERRRRRAAAA,Low
RPRLSHKGPMPF,Low
RPRLSHKGPMPF,Low
RPRLSHKGPMPF,Low
RQMRAWGQDYQHGGMGYSC,Low
RQMRAWGQDYQHGGMGYSC,Low
RQMRAWGQDYQHGGMGYSC,Low
RQRVEELSKFSKKGAAARRRK,Low
RQRVEELSKFSKKGAAARRRK,Low
RQRVEELSKFSKKGAAARRRK,Low
RRGRIGRNPSQVGD,Low
RRGRIGRNPSQVGD,Low
RRGRIGRNPSQVGD,Low
RRGRTGRGRRGIYR,Low
RRGRTGRGRRGIYR,Low
RRGRTGRGRRGIYR,Low
RRGRVGRNPNQVGD,Low
RRGRVGRNPNQVGD,Low
RRGRVGRNPNQVGD,Low
RRKFRRQRPRLSHKGPMPF,Low
RRKFRRQRPRLSHKGPMPF,Low
RRKFRRQRPRLSHKGPMPF,Low
RRKKAAVALLAVLLALLA,Low
RRKKAAVALLAVLLALLA,Low
RRKKAAVALLAVLLALLA,Low
RRKKAAVALLP,Low
RRKKAAVALLP,Low
RRKKAAVALLP,Low
RRKKAAVALLPAVLLA,Low
RRKKAAVALLPAVLLA,Low
RRKKAAVALLPAVLLA,Low
RRKKAAVALLPAVLLAL,Low
RRKKAAVALLPAVLLAL,Low
RRKKAAVALLPAVLLAL,Low
RRKKAAVALLPAVLLALL,Low
RRKKAAVALLPAVLLALL,Low
RRKKAAVALLPAVLLALL,Low
RRKKAAVALLPAVLLALLA,Low
RRKKAAVALLPAVLLALLA,Low
RRKKAAVALLPAVLLALLA,Low
RRKKAAVALLPAVLLALLAP,Low
RRKKAAVALLPAVLLALLAP,Low
RRKKAAVALLPAVLLALLAP,Low
RRKKALLAVLLALLA,Low
RRKKALLAVLLALLA,Low
RRKKALLAVLLALLA,Low
RRKKALLPAVLLALLAP,Low
RRKKALLPAVLLALLAP,Low
RRKKALLPAVLLALLAP,Low
RRKKAVALLPAVLLALLAP,Low
RRKKAVALLPAVLLALLAP,Low
RRKKAVALLPAVLLALLAP,Low
RRKKAVLLALLAP,Low
RRKKAVLLALLAP,Low
RRKKAVLLALLAP,Low
RRKKIFYFFR,Low
RRKKIFYFFR,Low
RRKKIFYFFR,Low
RRKKLAVLLALLA,Low
RRKKLAVLLALLA,Low
RRKKLAVLLALLA,Low
RRKKLLAVLLALLA,Low
RRKKLLAVLLALLA,Low
RRKKLLAVLLALLA,Low
RRKKLLPAVLLALLAP,Low
RRKKLLPAVLLALLAP,Low
RRKKLLPAVLLALLAP,Low
RRKKLPAVLLALLAP,Low
RRKKLPAVLLALLAP,Low
RRKKLPAVLLALLAP,Low
RRKKPAVLLALLAP,Low
RRKKPAVLLALLAP,Low
RRKKPAVLLALLAP,Low
RRKKRRQRRR,Low
RRKKRRQRRR,Low
RRKKRRQRRR,Low
RRKKRRRRRR,Low
RRKKRRRRRR,Low
RRKKRRRRRR,Low
RRKKVALLAVLLALLA,Low
RRKKVALLAVLLALLA,Low
RRKKVALLAVLLALLA,Low
RRKKVALLPAVLLALLAP,Low
RRKKVALLPAVLLALLAP,Low
RRKKVALLPAVLLALLAP,Low
RRKKVLLALLAP,Low
RRKKVLLALLAP,Low
RRKKVLLALLAP,Low
RRKKWLVFFVIFYFFR,Low
RRKKWLVFFVIFYFFR,Low
RRKKWLVFFVIFYFFR,Low
RRLHLEPAFLPYSVKAHECC,Low
RRLHLEPAFLPYSVKAHECC,Low
RRLHLEPAFLPYSVKAHECC,Low
RRQRPRLSHKGP,Low
RRQRPRLSHKGP,Low
RRQRPRLSHKGP,Low
RRQRPRLSHKGPM,Low
RRQRPRLSHKGPM,Low
RRQRPRLSHKGPM,Low
RRQRPRLSHKGPMPF,Low
RRQRPRLSHKGPMPF,Low
RRQRPRLSHKGPMPF,Low
RRRQRRKKRGYGFVNLLFLVVE,Low
RRRQRRKKRGYGFVNLLFLVVE,Low
RRRQRRKKRGYGFVNLLFLVVE,Low
RRRRRRRRRR,Low
RRRRRRRRRR,Low
RRRRRRRRRR,Low
RRRRRRRRRRRRRRRWWW,Low
RRRRRRRRRRRRRRRWWW,Low
RRRRRRRRRRRRRRRWWW,Low
RRRRRRRWWWRRRRRRRR,Low
RRRRRRRWWWRRRRRRRR,Low
RRRRRRRWWWRRRRRRRR,Low
RRWYRWW,Low
RRWYRWW,Low
RRWYRWW,Low
RRWYRWWRRRWYRWWR,Low
RRWYRWWRRRWYRWWR,Low
RRWYRWWRRRWYRWWR,Low
RSQKEGLHYTCSSHFPYSQYQFWK,Low
RSQKEGLHYTCSSHFPYSQYQFWK,Low
RSQKEGLHYTCSSHFPYSQYQFWK,Low
RTGRGRRGIYR,Low
RTGRGRRGIYR,Low
RTGRGRRGIYR,Low
RTQRRGRTGRGKPGIYR,Low
RTQRRGRTGRGKPGIYR,Low
RTQRRGRTGRGKPGIYR,Low
RVGRNPNQVGD,Low
RVGRNPNQVGD,Low
RVGRNPNQVGD,Low
RWMVWRHWFHRLRLPYNPGKNKQNQQWP,Low
RWMVWRHWFHRLRLPYNPGKNKQNQQWP,Low
RWMVWRHWFHRLRLPYNPGKNKQNQQWP,Low
RWNKPQKTKGHRGSH,Low
RWNKPQKTKGHRGSH,Low
RWNKPQKTKGHRGSH,Low
RWTEQLASNYWILEYLWK,Low
RWTEQLASNYWILEYLWK,Low
RWTEQLASNYWILEYLWK,Low
RWWRWWR,Low
RWWRWWR,Low
RWWRWWR,Low
RWWRWWRRWWRWWR,Low
RWWRWWRRWWRWWR,Low
RWWRWWRRWWRWWR,Low
RYFTFGGGYVYF,Low
RYFTFGGGYVYF,Low
RYFTFGGGYVYF,Low
RYICRCICGRGICRCICG,Low
RYICRCICGRGICRCICG,Low
RYICRCICGRGICRCICG,Low
RYSTQVDPDLADQLI,Low
RYSTQVDPDLADQLI,Low
RYSTQVDPDLADQLI,Low
SAVNGQSGRMEFFWTILK,Low
SDRDTVVELSEWGVPCAT,Low
SEETKENEGFTVTAEGK,Low
SEFWRWTEQLASNYWILE,Low
SENRKVPFYSHS,Low
SFAIKWEYVLLLFLL,Low
SGHGQHGVHG,Low
SGSWLRDIWDWICEVLSDFK,Low
SGTKMACPSNRGILRNWYNP,Low
SIELNKAKSDLEESKEWIRRSNQKLDSI,Low
SIGAKILGGVKTFFKGALKELASTYLQ,Low
SIGGVFNSIGRAVHQVFGGAFRTL,Low
SISNALNKLEESNRNLDKVNVKLT,Low
SIWRDWVDLICEFLSDWK,Low
SKANGQSGRMEFFWTILK,Low
SKEKIGKEFKRIVQRIKDFLR,Low
SKHSSLDC,Low
SKHSSLDCVLRP,Low
SKVAGQSGRMEFFWTILK,Low
SKVNGASGRMEFFWTILK,Low
SKVNGQAGRMEFFWTILK,Low
SKVNGQSGRAEFFWTILK,Low
SKVNGQSGRMAFFWTILK,Low
SKVNGQSGRMEFAWTILK,Low
SKVNGQSGRMEFFWTALK,Low
SKVNGQSGRMEFFWTIAK,Low
SKVNGQSGRMEFFWTILK,Low
SLDCVLRP,Low
SLDQINVTFLDLEYEMKKLEEAIKKLEESYIDLKELGSGSGC,Low
SLDQINVTFLDLEYEMKKLEEAIKKLEESYIDLKELGTYEYYVKW,Low
SLTQINTTLLDLEYEMRSLQQVVKALNESYIDLKEL,Low
SLTQINTTLLDLTYEMLSLQQVVKALNESYIDLKELGSGSGC,Low
SNQGGSPLPRSV,Low
SNYWILEYLWKVPFDFWR,Low
SPAIFQSSMTKILEPFRKQN,Low
SPYPSWSTPAGR,Low
SQVGD,Low
STLGKAFSTTLKGAQRLAALGDTAWDFG,Low
STQRRGRTGRGRRGIYR,Low
STSYAGAVVNDL,Low
SVALVPHVGMGLETRTETWMSSEGAWKHVQRIETWILRHPG,Low
SVTKLTEDRWNKPQK,Low
SWFASTGGRDSKIDVWSL,Low
SWKSMAKKLKEYMEKLKQRA,Low
SWLDDIWDWICEVLSDFE,Low
SWLDRIWRWICKVLSRFE,Low
SWLRDIWD,Low
SWLRDIWDWACEVLSDFK,Low
SWLRDIWDWECEVLSDFK,Low
SWLRDIWDWGCEVLSDFK,Low
SWLRDIWDWI,Low
SWLRDIWDWICE,Low
SWLRDIWDWICELLSDFK,Low
SWLRDIWDWICEV,Low
SWLRDIWDWICEVL,Low
SWLRDIWDWICEVLSD,Low
SWLRDIWDWICEVLSDFKT,Low
SWLRDIWDWICEVLSDFKTW,Low
SWLRDIWDWICKVLSDFK,Low
SWLRDIWDWIEEVLSDFK,Low
SWLRDIWDWIREVLSDFK,Low
SWLRDIWDWISEVLSDFK,Low
SWLRDIWDWKCEVLSDFK,Low
SWLRDIWDWLCELLSDFK,Low
SWLRDIWDWLCEVLSDFK,Low
SWLRDIWDWSCEVLSDFK,Low
SWLRDIWDWVCEVLSDFK,Low
SWLRDIWRWICKVLSRFK,Low
SWLRDLWDWICELLSDFK,Low
SWLRDLWDWICEVLSDFK,Low
SWLRDLWDWLCELLSDFK,Low
SWLRDLWDWLCEVLSDFK,Low
SWLRDVWDWICTVLTDFK,Low
SWLRDVWDWVCTILTDFK,Low
SWLRDVWDWVCTVLSDFK,Low
SWLRRIWRWICKVLSRFK,Low
SWLVNRDWFHDLNLPWTGSSAGTWQ,Low
SWLWEVWDWVLHVLSDFK,Low
SWRLDIWDWICESVLDFK,Low
SWRLIDWDWICEVLSDFK,Low
TAAFLLKLAGRW,High
TAVILMCFSIDSPDSLENI,High
TAYALLKLAGRW,High
TAYFALKLAGRW,High
TAYFLAKLAGRW,High
TAYFLLALAGRW,High
TAYFLLKAAGRW,High
TAYFLLKLAARW,High
TAYFLLKLAGAW,High
TAYFLLKLAGRA,High
TCAVACELKWESEFWRWT,High
TDAILMCFSIDSPDSLENI,High
TDVALMCFSIDSPDSLENI,High
TDVIAMCFSIDSPDSLENI,High
TDVILACFSIDSPDSLENI,High
TDVILMAFSIDSPDSLENI,High
TDVILMCASIDSPDSLENI,High
TDVILMCFAIDSPDSLENI,High
TDVILMCFSADSPDSLENI,High
TDVILMCFSI,High
TDVILMCFSIASPDSLENI,High
TDVILMCFSIDAPDSLENI,High
TDVILMCFSIDSADSLENI,High
TDVILMCFSIDSP,High
TDVILMCFSIDSPASLENI,High
TDVILMCFSIDSPDALENI,High
TDVILMCFSIDSPDSAENI,High
TDVILMCFSIDSPDSL,High
TDVILMCFSIDSPDSLANI,High
TDVILMCFSIDSPDSLEAI,High
TDVILMCFSIDSPDSLENA,High
TDVILMCFSIDSPDSLENI,High
TEPSTRGSWKFW,High
TEQLASNYWILEYLWKVP,High
TFGGGYVYF,High
TFLDKFNHEAEDLFYQ,High
TFLDLEYEMKKLEEAIKKLEESYIDLKELGTYEYYV,High
TFLVHREWFMDLNLPWSSA,High
TFLVHREWFMDLNLPWSSAGSTVWR,High
TGALKINNLRLVTLEHQVLV,High
TGAWIEFGCHRNKSNLHTEA,High
TGEKVWDRGNVTLLCDCP,High
TIRLESEVTAIKNALKKTNEAVSTLGNGVRVLATAVRELKDFV,High
TLKPIFKLPLGINITNFR,High
TLLCDCPNGPWVWVPAFCQA,High
TLLFLKVPA,High
TLLKKVLKAAAKAALNAVLVGANA,High
TLVDCIRNCIHKILGYTVIA,High
TMKVDDLIVHFNMTKAVEMV,High
TNGESTADWAKN,High
TNWLWYIKIFIMIV,High
TPKFKLPIQKETWETWWTEY,High
TRQARRNRRRRWRERQR,High
TRQARRNRRRRWRERQRAAAAC,High
TRQARRNRRRRWRERQRAAAACYGRKKRRQRRR,High
TRQCRRGRIWKRWNETITGP,High
TRSSRAGLQFPVGRVHRLLRK,High
TSPDVDLGDISGINASVVNIQKEIDRLNEVAKNLNESLIDLQELGKYE,High
TTLLDLTYEMLSLQQVVKALNESYIDLKEL,High
TTPKFTVAWDWVPKR,High
TTTPAKRKKTKK,High
TWAGVEAIIRILQQL,High
TWLRAIWDWVCTALTDFK,High
TYGDTWAGVEAIIRI,High
VACELKWESEFWRWTEQL,High
VAGLRQSLEQYQVVKQPDYL,High
VALDPIDISIELNKAKSDLEESKEWIRR,High
VALDPIDISIELNKAKSDLEESKEWIRRSNQKLDSD,High
VALDPIDISIELNKAKSDLEESKEWIRRSNQKLDSI,High
VANDPIDISIELNKAKSDLEESKEWIRRSNQKLDSD,High
VANDPIDISIELNKAKSDLEESKEWIRRSNQKLDSI,High
VCSCRLVFCRRTELRVGNCLIGGVSFTYCCTRV,High
VDCSPGIWQLDCTHL,High
VDKPDYRPRPRPPNM,High
VDLGDISGINASVVNIQKEIDRLNEVAKNLNESLIDLQELGKYE,High
VEAIIRILQQLLFIH,High
VELSEWGVPCATCILDRR,High
VEPGQLKLNWFKK,High
VILMCFSIDSPDSLENI,High
VISLTPLLVCVAALLLLE,High
VLDLIYSLHKQINRGLKKIVL,High
VNPTLLFLKVPAQNAISTTFPYT,High
VPFDFWRGVISLTPLLVC,High
VPNLTCAVACELKWESEF,High
VRLASHLRKLRKRLLRDADDLIRLQAEAFQARLKSWFEPLV,High
VRLASHLRKLRKRLLRDADDLQKRLAVY,High
VRLGRYLLRRLKTPFTRL,High
VSFAIKWEYVL,High
VSFAIKWEYVLL,High
VSFAIKWEYVLLL,High
VSFAIKWEYVLLLF,High
VSFAIKWEYVLLLFL,High
VSFAIKWEYVLLLFLL,High
VSGHGQHGVHG,High
VSPRCEYQAGHNKVG,High
VSTALPQWRIYSYAGDNI,High
VTCYCRRTRCGFRERLSGACGYRGRIYRLCCR,High
VTDSQYALGIIQAQPDQSES,High
VVDRGWGNGAGLFGKGSID,High
VVNDL,High
VVTLTDTTNQKTELQAIYLA,High
VYTDKVDISSQISSMNQSLQQSKDYIKEAQKILDTV,High
WADWVRWI,Low
WADWVRWI,Medium
WADWVRWI,Low
WASLKIDNLDV,Low
WASLKIDNLDV,Medium
WASLKIDNLDV,Low
WDRGNVTLLCDCPNGPWVWV,Low
WDRGNVTLLCDCPNGPWVWV,Low
WDRGNVTLLCDCPNGPWVWV,Medium
WDWICEVLSDFK,Medium
WDWICEVLSDFK,Low
WDWICEVLSDFK,Low
WEAWVRWI,Low
WEAWVRWI,Low
WEAWVRWI,Medium
WEDAVRWI,Low
WEDAVRWI,Medium
WEDAVRWI,Low
WEDWARWI,Low
WEDWARWI,Medium
WEDWARWI,Low
WEDWVAWI,Low
WEDWVAWI,Low
WEDWVAWI,Medium
WEDWVR,Low
WEDWVR,Medium
WEDWVR,Low
WEDWVRAI,Low
WEDWVRAI,Low
WEDWVRAI,Medium
WEDWVRWA,Medium
WEDWVRWA,Low
WEDWVRWA,Low
WEDWVRWI,Medium
WEDWVRWI,Low
WEDWVRWI,Low
WEDWVRWIGNIP,Medium
WEDWVRWIGNIP,Low
WEDWVRWIGNIP,Low
WEEWDKKIEEYTKKIEELIKKSQNQQ,Medium
WEEWDKKIEEYTKKIEELIKKSQNQQ,Low
WEEWDKKIEEYTKKIEELIKKSQNQQ,Low
WEEWDKKIEEYTKKIEELIKKSQNQQIDI,Low
WEEWDKKIEEYTKKIEELIKKSQNQQIDI,Low
WEEWDKKIEEYTKKIEELIKKSQNQQIDI,Medium
WEEWDKKIEEYTKKIEELIKKSQNQQIDL,Low
WEEWDKKIEEYTKKIEELIKKSQNQQIDL,Medium
WEEWDKKIEEYTKKIEELIKKSQNQQIDL,Low
WEEWDKKIEEYTKKIEELIKKSQNQQLDI,Medium
WEEWDKKIEEYTKKIEELIKKSQNQQLDI,Low
WEEWDKKIEEYTKKIEELIKKSQNQQLDI,Low
WEEWDKKIEEYTKKIEELIKKSQNQQLDL,Medium
WEEWDKKIEEYTKKIEELIKKSQNQQLDL,Low
WEEWDKKIEEYTKKIEELIKKSQNQQLDL,Low
WEEWDKKIEEYTKKIEELIKKSQNQQSDLD,Medium
WEEWDKKIEEYTKKIEELIKKSQNQQSDLD,Low
WEEWDKKIEEYTKKIEELIKKSQNQQSDLD,Low
WEEWDKKIEEYTKKIEELIKKSQNQQSM,Low
WEEWDKKIEEYTKKIEELIKKSQNQQSM,Medium
WEEWDKKIEEYTKKIEELIKKSQNQQSM,Low
WEEWDKKIEEYTKKIEELIKKSQNQQSW,Low
WEEWDKKIEEYTKKIEELIKKSQNQQSW,Medium
WEEWDKKIEEYTKKIEELIKKSQNQQSW,Low
WEEWDKKIEEYTKKIEELIKKSQNQQSY,Medium
WEEWDKKIEEYTKKIEELIKKSQNQQSY,Low
WEEWDKKIEEYTKKIEELIKKSQNQQSY,Low
WESEFWRWTEQLASNYWI,Low
WESEFWRWTEQLASNYWI,Medium
WESEFWRWTEQLASNYWI,Low
WEYVLLLFLL,Low
WEYVLLLFLL,Low
WEYVLLLFLL,Medium
WFVLLTITVLR,Medium
WFVLLTITVLR,Low
WFVLLTITVLR,Low
WGVSGHGQHGVHG,Medium
WGVSGHGQHGVHG,Low
WGVSGHGQHGVHG,Low
WICEVLSDFK,Low
WICEVLSDFK,Medium
WICEVLSDFK,Low
WIDNLD,Low
WIDNLD,Low
WIDNLD,Medium
WILEYLWKVPFDFWRGVI,Low
WILEYLWKVPFDFWRGVI,Low
WILEYLWKVPFDFWRGVI,Medium
WKFALKVDSPDV,Medium
WKFALKVDSPDV,Low
WKFALKVDSPDV,Low
WKVPFDFWRGVISLTPLL,Medium
WKVPFDFWRGVISLTPLL,Low
WKVPFDFWRGVISLTPLL,Low
WLVFFVIAYFAR,Low
WLVFFVIAYFAR,Low
WLVFFVIAYFAR,Medium
WLVFFVIFYFFR,Low
WLVFFVIFYFFR,Medium
WLVFFVIFYFFR,Low
WLVFFVIFYFFRRRKK,Low
WLVFFVIFYFFRRRKK,Medium
WLVFFVIFYFFRRRKK,Low
WLVFFVRRKK,Medium
WLVFFVRRKK,Low
WLVFFVRRKK,Low
WMEWDREINNYTSLIHSLIEEAQNQQEKNEQELL,Low
WMEWDREINNYTSLIHSLIEEAQNQQEKNEQELL,Low
WMEWDREINNYTSLIHSLIEEAQNQQEKNEQELL,Medium
WMEWDREINNYTSLIHSLIEELQNQQEKNEQELL,Low
WMEWDREINNYTSLIHSLIEELQNQQEKNEQELL,Low
WMEWDREINNYTSLIHSLIEELQNQQEKNEQELL,Medium
WMEWDREINNYTSLIHSLIEEPQNQQEKNEQELL,Medium
WMEWDREINNYTSLIHSLIEEPQNQQEKNEQELL,Low
WMEWDREINNYTSLIHSLIEEPQNQQEKNEQELL,Low
WMEWDREINNYTSLIHSLIEESQNQQEKNEQELL,Low
WMEWDREINNYTSLIHSLIEESQNQQEKNEQELL,Low
WMEWDREINNYTSLIHSLIEESQNQQEKNEQELL,Medium
WMEWDREINNYTSLIHSLIEESQNQQEKNEQELLEL,Medium
WMEWDREINNYTSLIHSLIEESQNQQEKNEQELLEL,Low
WMEWDREINNYTSLIHSLIEESQNQQEKNEQELLEL,Low
WMEWDREINNYTSLIHSLIEETQNQQEKNEQELL,Low
WMEWDREINNYTSLIHSLIEETQNQQEKNEQELL,Medium
WMEWDREINNYTSLIHSLIEETQNQQEKNEQELL,Low
WMEWDREINNYTSLIHSLIEEWQNQQEKNEQELL,Medium
WMEWDREINNYTSLIHSLIEEWQNQQEKNEQELL,Low
WMEWDREINNYTSLIHSLIEEWQNQQEKNEQELL,Low
WNALKIDNLDV,Low
WNALKIDNLDV,Medium
WNALKIDNLDV,Low
WNHTTWMEWDREINNYTSLIHSLIEESQNQQEKNEQ,Low
WNHTTWMEWDREINNYTSLIHSLIEESQNQQEKNEQ,Low
WNHTTWMEWDREINNYTSLIHSLIEESQNQQEKNEQ,Medium
WNSAKIDNLDV,Low
WNSAKIDNLDV,Low
WNSAKIDNLDV,Medium
WNSLAIDNLDV,Medium
WNSLAIDNLDV,Low
WNSLAIDNLDV,Low
WNSLKADNLDV,Low
WNSLKADNLDV,Low
WNSLKADNLDV,Medium
WNSLKIANLAV,Low
WNSLKIANLAV,Medium
WNSLKIANLAV,Low
WNSLKIANLDV,Medium
WNSLKIANLDV,Low
WNSLKIANLDV,Low
WNSLKIDALDV,Medium
WNSLKIDALDV,Low
WNSLKIDALDV,Low
WNSLKIDNADV,Medium
WNSLKIDNADV,Low
WNSLKIDNADV,Low
WNSLKIDNLAV,Low
WNSLKIDNLAV,Medium
WNSLKIDNLAV,Low
WNSLKIDNLDA,Low
WNSLKIDNLDA,Low
WNSLKIDNLDA,Medium
WNSLKIDNLDV,Low
WNSLKIDNLDV,Low
WNSLKIDNLDV,Medium
WQCLTLTHRG,Low
WQCLTLTHRG,Medium
WQCLTLTHRG,Low
WQCLTLTHRGFVLLTITVLR,Low
WQCLTLTHRGFVLLTITVLR,Medium
WQCLTLTHRGFVLLTITVLR,Low
WQSLTLTHRG,Low
WQSLTLTHRG,Medium
WQSLTLTHRG,Low
WQVMIVWQVDRMRIR,Low
WQVMIVWQVDRMRIR,Low
WQVMIVWQVDRMRIR,Medium
WRGVISLTPLLVCVAALL,Low
WRGVISLTPLLVCVAALL,Low
WRGVISLTPLLVCVAALL,Medium
WRKWRKRWWWRKWRKRWW,Low
WRKWRKRWWWRKWRKRWW,Low
WRKWRKRWWWRKWRKRWW,Medium
WRWTEQLASNYWILEYLW,Low
WRWTEQLASNYWILEYLW,Low
WRWTEQLASNYWILEYLW,Medium
WTEQLASNYWILEYLWKV,Medium
WTEQLASNYWILEYLWKV,Low
WTEQLASNYWILEYLWKV,Low
WVNQLAVLGLPAVDAAVA,Medium
WVNQLAVLGLPAVDAAVA,Low
WVNQLAVLGLPAVDAAVA,Low
WVRLGRYLLRRLKTPFTR,Low
WVRLGRYLLRRLKTPFTR,Medium
WVRLGRYLLRRLKTPFTR,Low
WVRWI,Medium
WVRWI,Low
WVRWI,Low
YAGAVANDL,Low
YAGAVANDL,Medium
YAGAVANDL,Low
YAGTVINDL,Low
YAGTVINDL,Medium
YAGTVINDL,Low
YALLIRMIYKNI,Medium
YALLIRMIYKNI,Low
YALLIRMIYKNI,Low
YAVVNDL,Medium
YAVVNDL,Low
YAVVNDL,Low
YEIIMDIEQNNVQGKTGIQQ,Low
YEIIMDIEQNNVQGKTGIQQ,Medium
YEIIMDIEQNNVQGKTGIQQ,Low
YENQKQIANQFNKAISQIQESLTTTSTA,Medium
YENQKQIANQFNKAISQIQESLTTTSTA,Low
YENQKQIANQFNKAISQIQESLTTTSTA,Low
YGAVVNDL,Low
YGVSGHGQHGVHG,Low
YGVSGHGQHGVHG,Medium
YGVSGHGQHGVHG,Low
YKPRRKRAAIHVMLALATVLSI,Low
YKPRRKRAAIHVMLALATVLSI,Low
YKPRRKRAAIHVMLALATVLSI,Medium
YLDRVDTWLQGKINISLCLT,Low
YLDRVDTWLQGKINISLCLT,Medium
YLDRVDTWLQGKINISLCLT,Low
YLWKVPFDFWRGVISLTP,Low
YLWKVPFDFWRGVISLTP,Low
YLWKVPFDFWRGVISLTP,Medium
YQALIRMIYKNI,Low
YQALIRMIYKNI,Low
YQALIRMIYKNI,Medium
YQLAIRMIYKNI,Low
YQLAIRMIYKNI,Low
YQLAIRMIYKNI,Medium
YQLLARMIYKNI,Low
YQLLARMIYKNI,Low
YQLLARMIYKNI,Medium
YQLLIAMIYKNI,Low
YQLLIAMIYKNI,Medium
YQLLIAMIYKNI,Low
YQLLIRAIYKNI,Low
YQLLIRAIYKNI,Low
YQLLIRAIYKNI,Medium
YQLLIRMAYKNI,Low
YQLLIRMAYKNI,Medium
YQLLIRMAYKNI,Low
YQLLIRMI,Medium
YQLLIRMI,Low
YQLLIRMI,Low
YQLLIRMIAKNI,Low
YQLLIRMIAKNI,Medium
YQLLIRMIAKNI,Low
YQLLIRMIY,Low
YQLLIRMIY,Medium
YQLLIRMIY,Low
YQLLIRMIYANI,Low
YQLLIRMIYANI,Low
YQLLIRMIYANI,Medium
YQLLIRMIYKAI,Low
YQLLIRMIYKAI,Low
YQLLIRMIYKAI,Medium
YQLLIRMIYKNA,Low
YQLLIRMIYKNA,Low
YQLLIRMIYKNA,Medium
YQLLIRMIYKNI,Medium
YQLLIRMIYKNI,Low
YQLLIRMIYKNI,Low
YQLLIRPIYKNI,Medium
YQLLIRPIYKNI,Low
YQLLIRPIYKNI,Low
YQVVKQPDYLLVPEEVMEYK,Low
YQVVKQPDYLLVPEEVMEYK,Low
YQVVKQPDYLLVPEEVMEYK,Medium
YRWWRWARRW,Low
YRWWRWARRW,Medium
YRWWRWARRW,Low
YRWWRWARRWYRWWRWARRW,Medium
YRWWRWARRWYRWWRWARRW,Low
YRWWRWARRWYRWWRWARRW,Low
YTMLVVDDL,Medium
YTMLVVDDL,Low
YTMLVVDDL,Low
YTSLIHSLIEEAQNQQEKNEQELLELDKWASLWNWF,Medium
YTSLIHSLIEEAQNQQEKNEQELLELDKWASLWNWF,Low
YTSLIHSLIEEAQNQQEKNEQELLELDKWASLWNWF,Low
YTSLIHSLIEEDQNQQEKNEQELLELDKWASLWNWF,Low
YTSLIHSLIEEDQNQQEKNEQELLELDKWASLWNWF,Medium
YTSLIHSLIEEDQNQQEKNEQELLELDKWASLWNWF,Low
YTSLIHSLIEEEQNQQEKNEQELLELDKWASLWNWF,Low
YTSLIHSLIEEEQNQQEKNEQELLELDKWASLWNWF,Low
YTSLIHSLIEEEQNQQEKNEQELLELDKWASLWNWF,Medium
YTSLIHSLIEEFQNQQEKNEQELLELDKWASLWNWF,Low
YTSLIHSLIEEFQNQQEKNEQELLELDKWASLWNWF,Medium
YTSLIHSLIEEFQNQQEKNEQELLELDKWASLWNWF,Low
YTSLIHSLIEEGQNQQEKNEQELLELDKWASLWNWF,Medium
YTSLIHSLIEEGQNQQEKNEQELLELDKWASLWNWF,Low
YTSLIHSLIEEGQNQQEKNEQELLELDKWASLWNWF,Low
YTSLIHSLIEEHQNQQEKNEQELLELDKWASLWNWF,Low
YTSLIHSLIEEHQNQQEKNEQELLELDKWASLWNWF,Medium
YTSLIHSLIEEHQNQQEKNEQELLELDKWASLWNWF,Low
YTSLIHSLIEEIQNQQEKNEQELLELDKWASLWNWF,Medium
YTSLIHSLIEEIQNQQEKNEQELLELDKWASLWNWF,Low
YTSLIHSLIEEIQNQQEKNEQELLELDKWASLWNWF,Low
YTSLIHSLIEEKQNQQEKNEQELLELDKWASLWNWF,Low
YTSLIHSLIEEKQNQQEKNEQELLELDKWASLWNWF,Medium
YTSLIHSLIEEKQNQQEKNEQELLELDKWASLWNWF,Low
YTSLIHSLIEELQNQQEKNEQELLELDKWASLWNWF,Low
YTSLIHSLIEELQNQQEKNEQELLELDKWASLWNWF,Medium
YTSLIHSLIEELQNQQEKNEQELLELDKWASLWNWF,Low
YTSLIHSLIEEMQNQQEKNEQELLELDKWASLWNWF,Low
YTSLIHSLIEEMQNQQEKNEQELLELDKWASLWNWF,Low
YTSLIHSLIEEMQNQQEKNEQELLELDKWASLWNWF,Medium
YTSLIHSLIEENQNQQEKNEQELLELDKWASLWNWF,Medium
YTSLIHSLIEENQNQQEKNEQELLELDKWASLWNWF,Low
YTSLIHSLIEENQNQQEKNEQELLELDKWASLWNWF,Low
YTSLIHSLIEEPQNQQEKNEQELLELDKWASLWNWF,Low
YTSLIHSLIEEPQNQQEKNEQELLELDKWASLWNWF,Medium
YTSLIHSLIEEPQNQQEKNEQELLELDKWASLWNWF,Low
YTSLIHSLIEEQQNQQEKNEQELLELDKWASLWNWF,Low
YTSLIHSLIEEQQNQQEKNEQELLELDKWASLWNWF,Low
YTSLIHSLIEEQQNQQEKNEQELLELDKWASLWNWF,Medium
YTSLIHSLIEERQNQQEKNEQELLELDKWASLWNWF,Low
YTSLIHSLIEERQNQQEKNEQELLELDKWASLWNWF,Medium
YTSLIHSLIEERQNQQEKNEQELLELDKWASLWNWF,Low
YTSLIHSLIEESQNQQEKNEQELLELDKWASLWNWF,Medium
YTSLIHSLIEETQNQQEKNEQELLELDKWASLWNWF,Medium
YTSLIHSLIEETQNQQEKNEQELLELDKWASLWNWF,Low
YTSLIHSLIEETQNQQEKNEQELLELDKWASLWNWF,Low
YTSLIHSLIEEVQNQQEKNEQELLELDKWASLWNWF,Low
YTSLIHSLIEEVQNQQEKNEQELLELDKWASLWNWF,Low
YTSLIHSLIEEVQNQQEKNEQELLELDKWASLWNWF,Medium
YTSLIHSLIEEWQNQQEKNEQELLELDKWASLWNWF,Medium
YTSLIHSLIEEWQNQQEKNEQELLELDKWASLWNWF,Low
YTSLIHSLIEEWQNQQEKNEQELLELDKWASLWNWF,Low
YTSLIHSLIEEYQNQQEKNEQELLELDKWASLWNWF,Low
YTSLIHSLIEEYQNQQEKNEQELLELDKWASLWNWF,Medium
YTSLIHSLIEEYQNQQEKNEQELLELDKWASLWNWF,Low
YVREHGVPIHADKYFEQVLK,Low
YVREHGVPIHADKYFEQVLK,Low
YVREHGVPIHADKYFEQVLK,Medium
YWILEYLWKVPFDFWRGV,Low
YWILEYLWKVPFDFWRGV,Medium
YWILEYLWKVPFDFWRGV,Low
YAGAVVNDL,Low
