sequence,half_life_seconds
CAVACELKWESEFWRWTE,4320.0
CDVIALLACHLNT,4320.0
CDVIALLCHLNT,4320.0
CDVIALLCHLNTPSF,4320.0
CDVIALLCHLNTPSFNTTHYRESWY,4320.0
CEEIRARLSTHLRKMRKRLMRDADDLQKRLAVY,4320.0
CEELRVRLASHLRKLRKRLLRDADDLQKRLAVY,4320.0
CEEQAQQIRLQAEAFQARLKSWFEPLVEDM,4320.0
CELKWESEFWRWTEQLAS,4320.0
CEVLSDFK,4320.0
CEYQAGHNKVGSLQY,4320.0
CFPWGC,4320.0
CFSIDSPDSLENI,4320.0
CGGGGGSLTEINTELLDLEYEMKKLEEVVKKLEESYIDLKEL,4320.0
CIRLQAEAFQARLKSWFEPLV,4320.0
CKIPFEIMDLEKRHV,4320.0
CLRKLRKRLLRC,4320.0
CLRVRLASHLRKLRKRLLRDADDL,4320.0
CNCTNSSSSYSGTKMACPSNRG,4320.0
CNDFRSKTC,4320.0
CNSTKNLTFAMRSSGDYGEV,4320.0
CSIELSDIPLSVDFNTMID,4320.0
CSSHFPYSQYQFWK,4320.0
CTSDLPSSWGYMNCNCTNSSSS,4320.0
CVRLASHLRKLRKRLLRDADDL,4320.0
CVRLASHLRKLRKRLLRDADDLQKRLAVY,4320.0
CWVRIGRYILRRIKTPFT,4320.0
CWVRLARYLLRRLKTPFT,4320.0
CWVRLGRELLRRLKEPFT,4320.0
CWVRLGRELLRRLKTPFT,4320.0
CWVRLGRKLLRRLKKPFT,4320.0
CWVRLGRKLLRRLKTPFT,4320.0
CWVRLGRYALRRLKTPFT,4320.0
CWVRLGRYILRRIKTPFT,4320.0
CWVRLGRYILRRLKTPFT,4320.0
CWVRLGRYKLRRLKTPFT,4320.0
CWVRLGRYLLRRLKTLFT,4320.0
CWVRLGRYLLRRLKTPFT,4320.0
CWVRLGRYLLRRLKTPFTRL,4320.0
CWVRLGRYSLRRLKTPFT,4320.0
CWVRLGRYVLRRLKTPFT,4320.0
CWVRLLRYLLRRLKTLFT,4320.0
CWVRLLRYLLRRLKTPFT,4320.0
CWVRLVRYLLRRLKTPFT,4320.0
DCPNGPWVWVPAFCQAVGWG,180.0
DCPNGPWVWVPAFCQAVGWG,3960.000000000001
DCWVRLGRYLLRRLKTPF,3960.000000000001
DCWVRLGRYLLRRLKTPF,180.0
DDDEVVAATYVLVA,180.0
DDDEVVAATYVLVA,3960.000000000001
DDSVVAAMSYSFA,3960.000000000001
DDSVVAAMSYSFA,180.0
DDSVVAAMSYSHA,3960.000000000001
DDSVVAAMSYSHA,180.0
DDSVVAAMSYSYA,3960.000000000001
DDSVVAAMSYSYA,180.0
DDSVVCAAMSYSFA,180.0
DDSVVCAAMSYSFA,3960.000000000001
DDSVVCAAMSYSHA,180.0
DDSVVCAAMSYSHA,3960.000000000001
DDSVVCAAMSYSYA,180.0
DDSVVCAAMSYSYA,3960.000000000001
DDSVVSAAMSYSFA,180.0
DDSVVSAAMSYSFA,3960.000000000001
DDSVVSAAMSYSYA,180.0
DDSVVSAAMSYSYA,3960.000000000001
DFRELNKRTQDFWEVQLGIP,180.0
DFRELNKRTQDFWEVQLGIP,3960.000000000001
DFWRGVISLTPLLVCVAA,180.0
DFWRGVISLTPLLVCVAA,3960.000000000001
DHVTPDIAYNP,3960.000000000001
DHVTPDIAYNP,180.0
DHVTPDIAYNPRTYM,180.0
DHVTPDIAYNPRTYM,3960.000000000001
DHVTPDIAYNPWAYF,3960.000000000001
DHVTPDIAYNPWAYF,180.0
DIQKLVGKLNWASQIYPGIK,180.0
DIQKLVGKLNWASQIYPGIK,3960.000000000001
DISGINASVVNIQKEIDRLNEVAKNLNESLIDLQEL,180.0
DISGINASVVNIQKEIDRLNEVAKNLNESLIDLQEL,3960.000000000001
DISGINASVVNIQKEIDRLNEVAKNLNESLIDLQELGKYE,180.0
DISGINASVVNIQKEIDRLNEVAKNLNESLIDLQELGKYE,3960.000000000001
DISGINASVVNIQKEIDRLNEVAKNLNESLIDLQELGSGSGC,3960.000000000001
DISGINASVVNIQKEIDRLNEVAKNLNESLIDLQELGSGSGC,180.0
DITLNNSVALDPIDISIELNKAKSDLEESKEWIRRSNQKLDSIGN,180.0
DITLNNSVALDPIDISIELNKAKSDLEESKEWIRRSNQKLDSIGN,3960.000000000001
DIWDWICEVLSDFK,180.0
DIWDWICEVLSDFK,3960.000000000001
DKFNHEAED,3960.000000000001
DKFNHEAED,180.0
DLADQLIHLYYFDCF,180.0
DLADQLIHLYYFDCF,3960.000000000001
DLSLDFEKLNVTLLDLTYEMNRIQDAIKKLNESYINLKE,180.0
DLSLDFEKLNVTLLDLTYEMNRIQDAIKKLNESYINLKE,3960.000000000001
DRGWGNGCGLFG,180.0
DRGWGNGCGLFG,3960.000000000001
DSGEGDFLAEGGGVR,3960.000000000001
DSGEGDFLAEGGGVR,180.0
DTRACDVIALLCHLNT,3960.000000000001
DTRACDVIALLCHLNT,180.0
DTVVELSEWGVPCATCIL,3960.000000000001
DTVVELSEWGVPCATCIL,180.0
DVDLGDISGINASVVNIQKEIDRLNEVAKNLNESLIDLQELGKYEQYI,3960.000000000001
DVDLGDISGINASVVNIQKEIDRLNEVAKNLNESLIDLQELGKYEQYI,180.0
DVILMCFSIDSPDSLENI,3960.000000000001
DVILMCFSIDSPDSLENI,180.0
DWLKAFYDKVAEKLKEAF,180.0
DWLKAFYDKVAEKLKEAF,3960.000000000001
DWLRIIWDWVCSVVSDFK,180.0
DWLRIIWDWVCSVVSDFK,3960.000000000001
DWVRWI,3960.000000000001
DWVRWI,180.0
EANTTLLDLTYEMLSLQQVVKALNESYIDLKEL,1800.0
EANTTLLDLTYEMLSLQQVVKALNESYIDLKEL,3600.0
ECRSTSYAGAVVNDL,3600.0
ECRSTSYAGAVVNDL,1800.0
EDLFYQ,1800.0
EDLFYQ,3600.0
EDLFYQSSL,1800.0
EDLFYQSSL,3600.0
EELRVRLASHLRKLRKRLLRDADDL,1800.0
EELRVRLASHLRKLRKRLLRDADDL,3600.0
EELRVRLASHLRKLRKRLLRDADDLQKRLAVY,1800.0
EELRVRLASHLRKLRKRLLRDADDLQKRLAVY,3600.0
EEQAKTFLDK,3600.0
EEQAKTFLDK,1800.0
EEQAKTFLDKFNHEAEDLFYQSS,3600.0
EEQAKTFLDKFNHEAEDLFYQSS,1800.0
EEQAKTFLDKFNHEAEDLFYQSSGLGKGDFR,1800.0
EEQAKTFLDKFNHEAEDLFYQSSGLGKGDFR,3600.0
EEQAKTFLDKFNHEAEDLFYQSSLASWNYNTNITEE,3600.0
EEQAKTFLDKFNHEAEDLFYQSSLASWNYNTNITEE,1800.0
EEQKTQLKNKIEIDWTKMELEQDWSKIYKEI,3600.0
EEQKTQLKNKIEIDWTKMELEQDWSKIYKEI,1800.0
EFVFLM,3600.0
EFVFLM,1800.0
EFWRWTEQLASNYWILEY,1800.0
EFWRWTEQLASNYWILEY,3600.0
EGPTLGNWAREIWATLFKKA,1800.0
EGPTLGNWAREIWATLFKKA,3600.0
EISKINTTLLDLSDEMAMLLQEVVKQLNDSYIDLKEL,3600.0
EISKINTTLLDLSDEMAMLLQEVVKQLNDSYIDLKEL,1800.0
EIWATLFKKATRQCRRGRIW,1800.0
EIWATLFKKATRQCRRGRIW,3600.0
ELKWESEFWRWTEQLASN,3600.0
ELKWESEFWRWTEQLASN,1800.0
ELVNQIIEQLIKKEKVYLAW,3600.0
ELVNQIIEQLIKKEKVYLAW,1800.0
EMTWEEWEKKIEEYIKKIEEILKKSQNQQIDL,1800.0
EMTWEEWEKKIEEYIKKIEEILKKSQNQQIDL,3600.0
EMTWEEWEKKIEEYTKKIEEILKKSQNQQIDL,1800.0
EMTWEEWEKKIEEYTKKIEEILKKSQNQQIDL,3600.0
EQLASNYWILEYLWKVPF,3600.0
EQLASNYWILEYLWKVPF,1800.0
EQVDKLVSAGIRKVLFLDGI,3600.0
EQVDKLVSAGIRKVLFLDGI,1800.0
EQVLKAVTNVLSPVFPGGET,3600.0
EQVLKAVTNVLSPVFPGGET,1800.0
ESAIRKAILGHIVSP,3600.0
ESAIRKAILGHIVSP,1800.0
ESEFWRWTEQLASNYWIL,1800.0
ESEFWRWTEQLASNYWIL,3600.0
ESELVSQIIEQLIKK,1800.0
ESELVSQIIEQLIKK,3600.0
ESTHPRISSEVHIPL,3600.0
ESTHPRISSEVHIPL,1800.0
ETWETWWTEYWQATWIPEWE,3600.0
ETWETWWTEYWQATWIPEWE,1800.0
EWDREINNYTSLIHSLIEESQNQQEKNEQELLELDKWASLW,1800.0
EWDREINNYTSLIHSLIEESQNQQEKNEQELLELDKWASLW,3600.0
EWVRLGRELLRRLKEPFE,3600.0
EWVRLGRELLRRLKEPFE,1800.0
EWVRLGRELLRRLKEPFT,1800.0
EWVRLGRELLRRLKEPFT,3600.0
EYLWKVPFDFWRGVISLT,1800.0
EYLWKVPFDFWRGVISLT,3600.0
FAIAIKAIKKAIKKIKKAIKKAI,3960.000000000001
FAIAIKAIKKAIKKIKKAIKKAI,120.0
FAIAIKAIKKAIKKIKKAIKKAI,180.0
FAIKWEYVLLLFLL,3960.000000000001
FAIKWEYVLLLFLL,180.0
FAIKWEYVLLLFLL,120.0
FAKKFAKKFKKFAKKFAKFAFAF,180.0
FAKKFAKKFKKFAKKFAKFAFAF,120.0
FAKKFAKKFKKFAKKFAKFAFAF,3960.000000000001
FALALKALKKALKKLKKALKKAL,180.0
FALALKALKKALKKLKKALKKAL,120.0
FALALKALKKALKKLKKALKKAL,3960.000000000001
FAVAVKAVAVKAVAVKAVKKAVKKVKKAVKKAVKKKK,3960.000000000001
FAVAVKAVAVKAVAVKAVKKAVKKVKKAVKKAVKKKK,120.0
FAVAVKAVAVKAVAVKAVKKAVKKVKKAVKKAVKKKK,180.0
FAVGLRAIKRALKKLRRGVRKVAKDL,180.0
FAVGLRAIKRALKKLRRGVRKVAKDL,120.0
FAVGLRAIKRALKKLRRGVRKVAKDL,3960.000000000001
FCQAIGWGDPITHWSHGQ,120.0
FCQAIGWGDPITHWSHGQ,3960.000000000001
FCQAIGWGDPITHWSHGQ,180.0
FDFWRGVISLTPLLVCVA,180.0
FDFWRGVISLTPLLVCVA,3960.000000000001
FDFWRGVISLTPLLVCVA,120.0
FFHHIFRGIVHVGKTIHKLVTG,180.0
FFHHIFRGIVHVGKTIHKLVTG,3960.000000000001
FFHHIFRGIVHVGKTIHKLVTG,120.0
FFHHIFRGIVHVGKTIHRLVTG,180.0
FFHHIFRGIVHVGKTIHRLVTG,3960.000000000001
FFHHIFRGIVHVGKTIHRLVTG,120.0
FFVIFYRRKK,3960.000000000001
FFVIFYRRKK,120.0
FFVIFYRRKK,180.0
FGCTWMNSTGFTKTC,120.0
FGCTWMNSTGFTKTC,180.0
FGCTWMNSTGFTKTC,3960.000000000001
FGVSGHGQHGVHG,180.0
FGVSGHGQHGVHG,120.0
FGVSGHGQHGVHG,3960.000000000001
FHCQRTQSQPGSWFRAISSWKQ,120.0
FHCQRTQSQPGSWFRAISSWKQ,180.0
FHCQRTQSQPGSWFRAISSWKQ,3960.000000000001
FIHFRIGCQHSRIGI,120.0
FIHFRIGCQHSRIGI,3960.000000000001
FIHFRIGCQHSRIGI,180.0
FIHHIFRGIVHAGRSIGRFLTG,180.0
FIHHIFRGIVHAGRSIGRFLTG,3960.000000000001
FIHHIFRGIVHAGRSIGRFLTG,120.0
FIKRIARLLRKIF,120.0
FIKRIARLLRKIF,180.0
FIKRIARLLRKIF,3960.000000000001
FILAFLGWIGAIVSTALP,120.0
FILAFLGWIGAIVSTALP,3960.000000000001
FILAFLGWIGAIVSTALP,180.0
FINGRWDSQCHRFSNGAIACA,3960.000000000001
FINGRWDSQCHRFSNGAIACA,120.0
FINGRWDSQCHRFSNGAIACA,180.0
FKCRRWQWRMKKLGAPSITCVRRAFA,120.0
FKCRRWQWRMKKLGAPSITCVRRAFA,180.0
FKCRRWQWRMKKLGAPSITCVRRAFA,3960.000000000001
FKLRAKIKVRLRAKIKL,3960.000000000001
FKLRAKIKVRLRAKIKL,120.0
FKLRAKIKVRLRAKIKL,180.0
FKRIVQRIKDFLR,120.0
FKRIVQRIKDFLR,3960.000000000001
FKRIVQRIKDFLR,180.0
FKVKAKVKAKVKAKVKAKKKK,180.0
FKVKAKVKAKVKAKVKAKKKK,3960.000000000001
FKVKAKVKAKVKAKVKAKKKK,120.0
FLAAARIAKRVAKKARKLAKRAARKRK,180.0
FLAAARIAKRVAKKARKLAKRAARKRK,3960.000000000001
FLAAARIAKRVAKKARKLAKRAARKRK,120.0
FLFAFRIFKRVFKKFRKLFKRAF,3960.000000000001
FLFAFRIFKRVFKKFRKLFKRAF,120.0
FLFAFRIFKRVFKKFRKLFKRAF,180.0
FLFPLITSFLSKVL,3960.000000000001
FLFPLITSFLSKVL,120.0
FLFPLITSFLSKVL,180.0
FLGAILKIGHALAKTVLPMVTNAFKPKQ,120.0
FLGAILKIGHALAKTVLPMVTNAFKPKQ,180.0
FLGAILKIGHALAKTVLPMVTNAFKPKQ,3960.000000000001
FLGFLKNLF,120.0
FLGFLKNLF,3960.000000000001
FLGFLKNLF,180.0
FLKVPAQNAISTTFPYT,180.0
FLKVPAQNAISTTFPYT,120.0
FLKVPAQNAISTTFPYT,3960.000000000001
FLYTAFAMQELGCNQNQFFC,120.0
FLYTAFAMQELGCNQNQFFC,3960.000000000001
FLYTAFAMQELGCNQNQFFC,180.0
FNATYLNLTGEIDDLEFRSEKLHNTTVELAILIDNI,3960.000000000001
FNATYLNLTGEIDDLEFRSEKLHNTTVELAILIDNI,180.0
FNATYLNLTGEIDDLEFRSEKLHNTTVELAILIDNI,120.0
FNATYLNLTGEIDDLEFRSEKLHNTTVELAILIDNINNTLVNL,120.0
FNATYLNLTGEIDDLEFRSEKLHNTTVELAILIDNINNTLVNL,180.0
FNATYLNLTGEIDDLEFRSEKLHNTTVELAILIDNINNTLVNL,3960.000000000001
FNESTR,180.0
FNESTR,3960.000000000001
FNESTR,120.0
FNESTRKKIE,120.0
FNESTRKKIE,180.0
FNESTRKKIE,3960.000000000001
FNMTKAVEMVNIAGNWSCTS,120.0
FNMTKAVEMVNIAGNWSCTS,180.0
FNMTKAVEMVNIAGNWSCTS,3960.000000000001
FNVALDQVFESIENSQALVDQSNRILSSAEKGNTG,120.0
FNVALDQVFESIENSQALVDQSNRILSSAEKGNTG,180.0
FNVALDQVFESIENSQALVDQSNRILSSAEKGNTG,3960.000000000001
FRFKIKFRLKFRFKARFKFRAKFRA,180.0
FRFKIKFRLKFRFKARFKFRAKFRA,120.0
FRFKIKFRLKFRFKARFKFRAKFRA,3960.000000000001
FRKQNPDIVIYQYMD,3960.000000000001
FRKQNPDIVIYQYMD,180.0
FRKQNPDIVIYQYMD,120.0
FRPALIVRTKGTRL,180.0
FRPALIVRTKGTRL,3960.000000000001
FRPALIVRTKGTRL,120.0
FVFLM,120.0
FVFLM,180.0
FVFLM,3960.000000000001
FWFTLIKTQAKQPARYRRFC,120.0
FWFTLIKTQAKQPARYRRFC,3960.000000000001
FWFTLIKTQAKQPARYRRFC,180.0
FWRGVISLTPLLVCVAAL,180.0
FWRGVISLTPLLVCVAAL,3960.000000000001
FWRGVISLTPLLVCVAAL,120.0
FWRWTEQLASNYWILEYL,120.0
FWRWTEQLASNYWILEYL,3960.000000000001
FWRWTEQLASNYWILEYL,180.0
FYTTTGIGYQPY,3960.000000000001
FYTTTGIGYQPY,120.0
FYTTTGIGYQPY,180.0
HFPRIWLHSLGQHIY,600.0
HGNITLGEWYNQTKDLQQKF,600.0
HGQHGVHG,600.0
HGQNRWPLSCPQYVYGSV,600.0
HGVHG,600.0
HGVSGHG,600.0
HGVSGHGQ,600.0
HGVSGHGQHG,600.0
HGVSGHGQHGV,600.0
HKILGYTVIAMPEVEGEEIQ,600.0
HRALMRIRQMMT,600.0
HRIAMRIRQMMT,600.0
HRILARIRQMMT,600.0
HRILMRARQMMT,600.0
HRILMRIAQMMT,600.0
HRILMRIR,600.0
HRILMRIRAMMT,600.0
HRILMRIRQAMT,600.0
HRILMRIRQMAT,600.0
HRILMRIRQMMA,600.0
HRRYFTFGGGYVYF,600.0
HSLIEESQNQQEKNEQELLELDKWASLWNWFNITNW,600.0
HTGERDWHLGQGVSI,600.0
HVDKKVADKVLLLKQLRIMRLLTRL,600.0
HVMLALATVLSIAGAGTGATAI,600.0
IAEIQKQGQGQWTYQIYQEP,1800.0
IDISIELNKAKSDLEESKEWIRRSNQKLDSIGNWH,1800.0
IEVTFVNRRGDGAELWYLSA,1800.0
IGLKVEAMEKFLYTAFAMQE,1800.0
IGNIPQYLKGLLGGILGIGL,1800.0
IGVTVI,1800.0
IGVTVIKNNMI,1800.0
IHAEIKNSLKIDNLDVNRCIEAL,1800.0
IKKEKVYLAWVPAHKGIGN,1800.0
IKWEYVLLLFLL,1800.0
ILEYLWKVPFDFWRGVIS,1800.0
ILGPVLGLVSDTLDDVLGIL,1800.0
ILGPVLGLVSRTLRRVLGIL,1800.0
ILMCFS,1800.0
ILMCFSI,1800.0
ILMCFSID,1800.0
ILMCFSIDS,1800.0
ILMCFSIDSP,1800.0
ILMCFSIDSPD,1800.0
ILMCFSIDSPDS,1800.0
ILMCFSIDSPDSL,1800.0
ILMCFSIDSPDSLE,1800.0
ILMCFSIDSPDSLEN,1800.0
ILMCFSIDSPDSLENI,1800.0
INLKAIAALAKKLL,1800.0
IPLRGAFINGRWDSQCHRFS,1800.0
IQAQPDQSESELVNQIIEQL,1800.0
IQKEIDRLNEVAKNLNESLIDLQELGK,1800.0
IRILQQLLFIHFRIG,1800.0
ISGINASVVNIQKEIDRLNEVAKNLNESLIDLQEL,1800.0
ISLTPLLVCVAALLLLEQ,1800.0
IWLTALKFLGKHAAKHLAKQQLSKL,1800.0
KAAKKAAKAAKKAAKWAKKAA,4680.0
KAAKKAAKAAKKAAKWAKKAA,120.0
KAAKKAAKAAKKAAKWAKKAA,180.0
KAAKKAAKWAKKAAKWAKKAA,120.0
KAAKKAAKWAKKAAKWAKKAA,4680.0
KAAKKAAKWAKKAAKWAKKAA,180.0
KAKAKAKAKAKAKAKAKAKAK,4680.0
KAKAKAKAKAKAKAKAKAKAK,120.0
KAKAKAKAKAKAKAKAKAKAK,180.0
KANEGLTWNSLKDK,180.0
KANEGLTWNSLKDK,120.0
KANEGLTWNSLKDK,4680.0
KCQLKGEAMHGQVDC,4680.0
KCQLKGEAMHGQVDC,120.0
KCQLKGEAMHGQVDC,180.0
KDLKVVAATYVKKK,4680.0
KDLKVVAATYVKKK,120.0
KDLKVVAATYVKKK,180.0
KFDSLVECIWDWIDRLWS,120.0
KFDSLVECIWDWIDRLWS,4680.0
KFDSLVECIWDWIDRLWS,180.0
KFFRKKSVKK,120.0
KFFRKKSVKK,4680.0
KFFRKKSVKK,180.0
KFRRQRPRLSHKGPMPF,120.0
KFRRQRPRLSHKGPMPF,180.0
KFRRQRPRLSHKGPMPF,4680.0
KGEAMHGQVDCSPGI,180.0
KGEAMHGQVDCSPGI,120.0
KGEAMHGQVDCSPGI,4680.0
KGEAMHGQVDCSPGIWQLDC,120.0
KGEAMHGQVDCSPGIWQLDC,180.0
KGEAMHGQVDCSPGIWQLDC,4680.0
KGRGKQGGKVRAKAKTRSS,180.0
KGRGKQGGKVRAKAKTRSS,120.0
KGRGKQGGKVRAKAKTRSS,4680.0
KGVSGHGQHGVHG,180.0
KGVSGHGQHGVHG,4680.0
KGVSGHGQHGVHG,120.0
KILEPFRKQNPDIVIYQYMD,4680.0
KILEPFRKQNPDIVIYQYMD,180.0
KILEPFRKQNPDIVIYQYMD,120.0
KIRPLLVEGT,180.0
KIRPLLVEGT,4680.0
KIRPLLVEGT,120.0
KKIKPPLPSVTKLTE,120.0
KKIKPPLPSVTKLTE,180.0
KKIKPPLPSVTKLTE,4680.0
KKKKAVAATYVLV,4680.0
KKKKAVAATYVLV,180.0
KKKKAVAATYVLV,120.0
KKKKEVAATYVLV,180.0
KKKKEVAATYVLV,4680.0
KKKKEVAATYVLV,120.0
KKKKFVAATYVLV,120.0
KKKKFVAATYVLV,180.0
KKKKFVAATYVLV,4680.0
KKKKFVKKVAKKVKKVAKKVAKVAVAV,180.0
KKKKFVKKVAKKVKKVAKKVAKVAVAV,120.0
KKKKFVKKVAKKVKKVAKKVAKVAVAV,4680.0
KKKKLLAAFLFFF,120.0
KKKKLLAAFLFFF,180.0
KKKKLLAAFLFFF,4680.0
KKKKLLAPFLFFF,120.0
KKKKLLAPFLFFF,180.0
KKKKLLAPFLFFF,4680.0
KKKKLLAPFLFFV,4680.0
KKKKLLAPFLFFV,180.0
KKKKLLAPFLFFV,120.0
KKKKLLAPFLVFF,4680.0
KKKKLLAPFLVFF,120.0
KKKKLLAPFLVFF,180.0
KKKKLLLAFLFFF,120.0
KKKKLLLAFLFFF,180.0
KKKKLLLAFLFFF,4680.0
KKKKLLLAFLFFV,120.0
KKKKLLLAFLFFV,180.0
KKKKLLLAFLFFV,4680.0
KKKKLLLAFLFLF,120.0
KKKKLLLAFLFLF,180.0
KKKKLLLAFLFLF,4680.0
KKKKLLLAFYFFF,180.0
KKKKLLLAFYFFF,4680.0
KKKKLLLAFYFFF,120.0
KKKKLLLATLFFF,180.0
KKKKLLLATLFFF,4680.0
KKKKLLLATLFFF,120.0
KKKKLLLPFLFFF,120.0
KKKKLLLPFLFFF,4680.0
KKKKLLLPFLFFF,180.0
KKKKLLLPFLFLF,180.0
KKKKLLLPFLFLF,4680.0
KKKKLLLPFLFLF,120.0
KKKKLLLPFLVLF,4680.0
KKKKLLLPFLVLF,120.0
KKKKLLLPFLVLF,180.0
KKKKLLLPFYFFF,120.0
KKKKLLLPFYFFF,180.0
KKKKLLLPFYFFF,4680.0
KKKKLLLPFYFLF,120.0
KKKKLLLPFYFLF,180.0
KKKKLLLPFYFLF,4680.0
KKKKLLLPTLFFV,180.0
KKKKLLLPTLFFV,120.0
KKKKLLLPTLFFV,4680.0
KKKKLLLPTLVFF,120.0
KKKKLLLPTLVFF,180.0
KKKKLLLPTLVFF,4680.0
KKKKLLLPTYFFF,180.0
KKKKLLLPTYFFF,120.0
KKKKLLLPTYFFF,4680.0
KKKKLVAAFYVLV,4680.0
KKKKLVAAFYVLV,120.0
KKKKLVAAFYVLV,180.0
KKKKLVAATYVFV,120.0
KKKKLVAATYVFV,180.0
KKKKLVAATYVFV,4680.0
KKKKLVAATYVLF,120.0
KKKKLVAATYVLF,4680.0
KKKKLVAATYVLF,180.0
KKKKLVAPFLFFF,180.0
KKKKLVAPFLFFF,4680.0
KKKKLVAPFLFFF,120.0
KKKKLVLAFLFFF,180.0
KKKKLVLAFLFFF,120.0
KKKKLVLAFLFFF,4680.0
KKKKLVLATYVLV,180.0
KKKKLVLATYVLV,4680.0
KKKKLVLATYVLV,120.0
KKKKLVLPFLFFF,120.0
KKKKLVLPFLFFF,180.0
KKKKLVLPFLFFF,4680.0
KKKKLVLPFLFFV,4680.0
KKKKLVLPFLFFV,180.0
KKKKLVLPFLFFV,120.0
KKKKLVLPFLFVF,180.0
KKKKLVLPFLFVF,120.0
KKKKLVLPFLFVF,4680.0
KKKKLVLPFLLFF,180.0
KKKKLVLPFLLFF,4680.0
KKKKLVLPFLLFF,120.0
KKKKLVLPFYFFF,4680.0
KKKKLVLPFYFFF,180.0
KKKKLVLPFYFFF,120.0
KKKKLVLPTLFFF,4680.0
KKKKLVLPTLFFF,120.0
KKKKLVLPTLFFF,180.0
KKKKPVAATYVLV,4680.0
KKKKPVAATYVLV,120.0
KKKKPVAATYVLV,180.0
KKKKTVAATYVLV,120.0
KKKKTVAATYVLV,4680.0
KKKKTVAATYVLV,180.0
KKKKVAAATYVLV,180.0
KKKKVAAATYVLV,120.0
KKKKVAAATYVLV,4680.0
KKKKVFAATYVLV,120.0
KKKKVFAATYVLV,4680.0
KKKKVFAATYVLV,180.0
KKKKVKAATYVLV,4680.0
KKKKVKAATYVLV,120.0
KKKKVKAATYVLV,180.0
KKKKVLAATYVLV,120.0
KKKKVLAATYVLV,4680.0
KKKKVLAATYVLV,180.0
KKKKVLAPFLFFF,120.0
KKKKVLAPFLFFF,4680.0
KKKKVLAPFLFFF,180.0
KKKKVLAPTYVLV,120.0
KKKKVLAPTYVLV,4680.0
KKKKVLAPTYVLV,180.0
KKKKVLLPFLFFF,180.0
KKKKVLLPFLFFF,4680.0
KKKKVLLPFLFFF,120.0
KKKKVLLPFYFFF,4680.0
KKKKVLLPFYFFF,120.0
KKKKVLLPFYFFF,180.0
KKKKVPAATYVLV,180.0
KKKKVPAATYVLV,4680.0
KKKKVPAATYVLV,120.0
KKKKVTAATYVLV,180.0
KKKKVTAATYVLV,4680.0
KKKKVTAATYVLV,120.0
KKKKVVAAAYVLV,120.0
KKKKVVAAAYVLV,180.0
KKKKVVAAAYVLV,4680.0
KKKKVVAAEYVLV,4680.0
KKKKVVAAEYVLV,120.0
KKKKVVAAEYVLV,180.0
KKKKVVAAFLVLV,180.0
KKKKVVAAFLVLV,120.0
KKKKVVAAFLVLV,4680.0
KKKKVVAAFYFLV,4680.0
KKKKVVAAFYFLV,180.0
KKKKVVAAFYFLV,120.0
KKKKVVAAFYVLF,180.0
KKKKVVAAFYVLF,4680.0
KKKKVVAAFYVLF,120.0
KKKKVVAAFYVLV,120.0
KKKKVVAAFYVLV,180.0
KKKKVVAAFYVLV,4680.0
KKKKVVAAGYVLV,4680.0
KKKKVVAAGYVLV,180.0
KKKKVVAAGYVLV,120.0
KKKKVVAALYVLV,4680.0
KKKKVVAALYVLV,180.0
KKKKVVAALYVLV,120.0
KKKKVVAATAVLV,120.0
KKKKVVAATAVLV,4680.0
KKKKVVAATAVLV,180.0
KKKKVVAATEVLV,180.0
KKKKVVAATEVLV,4680.0
KKKKVVAATEVLV,120.0
KKKKVVAATFVLV,180.0
KKKKVVAATFVLV,4680.0
KKKKVVAATFVLV,120.0
KKKKVVAATGVLV,4680.0
KKKKVVAATGVLV,120.0
KKKKVVAATGVLV,180.0
KKKKVVAATLVLF,180.0
KKKKVVAATLVLF,120.0
KKKKVVAATLVLF,4680.0
KKKKVVAATTVLV,4680.0
KKKKVVAATTVLV,120.0
KKKKVVAATTVLV,180.0
KKKKVVAATYFFFA,4680.0
KKKKVVAATYFFFA,180.0
KKKKVVAATYFFFA,120.0
KKKKVVAATYFLV,4680.0
KKKKVVAATYFLV,120.0
KKKKVVAATYFLV,180.0
KKKKVVAATYFLVA,4680.0
KKKKVVAATYFLVA,180.0
KKKKVVAATYFLVA,120.0
KKKKVVAATYKKKK,4680.0
KKKKVVAATYKKKK,180.0
KKKKVVAATYKKKK,120.0
KKKKVVAATYKKVA,4680.0
KKKKVVAATYKKVA,120.0
KKKKVVAATYKKVA,180.0
KKKKVVAATYLLV,120.0
KKKKVVAATYLLV,4680.0
KKKKVVAATYLLV,180.0
KKKKVVAATYVAV,120.0
KKKKVVAATYVAV,4680.0
KKKKVVAATYVAV,180.0
KKKKVVAATYVFV,120.0
KKKKVVAATYVFV,180.0
KKKKVVAATYVFV,4680.0
KKKKVVAATYVGV,180.0
KKKKVVAATYVGV,120.0
KKKKVVAATYVGV,4680.0
KKKKVVAATYVKKA,4680.0
KKKKVVAATYVKKA,120.0
KKKKVVAATYVKKA,180.0
KKKKVVAATYVLA,4680.0
KKKKVVAATYVLA,120.0
KKKKVVAATYVLA,180.0
KKKKVVAATYVLF,180.0
KKKKVVAATYVLF,120.0
KKKKVVAATYVLF,4680.0
KKKKVVAATYVLFA,4680.0
KKKKVVAATYVLFA,120.0
KKKKVVAATYVLFA,180.0
KKKKVVAATYVLG,4680.0
KKKKVVAATYVLG,180.0
KKKKVVAATYVLG,120.0
KKKKVVAATYVLL,180.0
KKKKVVAATYVLL,120.0
KKKKVVAATYVLL,4680.0
KKKKVVAATYVLT,120.0
KKKKVVAATYVLT,4680.0
KKKKVVAATYVLT,180.0
KKKKVVAATYVLV,120.0
KKKKVVAATYVLV,180.0
KKKKVVAATYVLV,4680.0
KKKKVVAATYVLVA,4680.0
KKKKVVAATYVLVA,120.0
KKKKVVAATYVLVA,180.0
KKKKVVAATYVLVF,4680.0
KKKKVVAATYVLVF,120.0
KKKKVVAATYVLVF,180.0
KKKKVVAATYVPV,180.0
KKKKVVAATYVPV,4680.0
KKKKVVAATYVPV,120.0
KKKKVVAETYVLV,180.0
KKKKVVAETYVLV,120.0
KKKKVVAETYVLV,4680.0
KKKKVVAFTYVLV,180.0
KKKKVVAFTYVLV,120.0
KKKKVVAFTYVLV,4680.0
KKKKVVAGTYVLV,4680.0
KKKKVVAGTYVLV,180.0
KKKKVVAGTYVLV,120.0
KKKKVVAKTYVLV,180.0
KKKKVVAKTYVLV,4680.0
KKKKVVAKTYVLV,120.0
KKKKVVAPFYVLV,180.0
KKKKVVAPFYVLV,4680.0
KKKKVVAPFYVLV,120.0
KKKKVVAPTLVLV,120.0
KKKKVVAPTLVLV,180.0
KKKKVVAPTLVLV,4680.0
KKKKVVAPTYFLV,120.0
KKKKVVAPTYFLV,180.0
KKKKVVAPTYFLV,4680.0
KKKKVVAPTYVLF,120.0
KKKKVVAPTYVLF,180.0
KKKKVVAPTYVLF,4680.0
KKKKVVATTYVLV,4680.0
KKKKVVATTYVLV,180.0
KKKKVVATTYVLV,120.0
KKKKVVFATYVLV,4680.0
KKKKVVFATYVLV,180.0
KKKKVVFATYVLV,120.0
KKKKVVGATYVLV,120.0
KKKKVVGATYVLV,4680.0
KKKKVVGATYVLV,180.0
KKKKVVKATYVLV,180.0
KKKKVVKATYVLV,4680.0
KKKKVVKATYVLV,120.0
KKKKVVLAFYVLV,180.0
KKKKVVLAFYVLV,4680.0
KKKKVVLAFYVLV,120.0
KKKKVVLATLVLV,180.0
KKKKVVLATLVLV,4680.0
KKKKVVLATLVLV,120.0
KKKKVVLATYVLV,180.0
KKKKVVLATYVLV,4680.0
KKKKVVLATYVLV,120.0
KKKKVVLPFLFFF,120.0
KKKKVVLPFLFFF,4680.0
KKKKVVLPFLFFF,180.0
KKKKVVTATYVLV,120.0
KKKKVVTATYVLV,180.0
KKKKVVTATYVLV,4680.0
KKLVAASQAALGL,120.0
KKLVAASQAALGL,4680.0
KKLVAASQAALGL,180.0
KKVTMTCSAS,120.0
KKVTMTCSAS,4680.0
KKVTMTCSAS,180.0
KNNMINNDLG,4680.0
KPFVFLM,180.0
KPFVFLM,4680.0
KPFVFLM,120.0
KPKQIKPPLPSV,4680.0
KPKQIKPPLPSV,120.0
KPKQIKPPLPSV,180.0
KQLSYCTDPLQIPLINYTFG,4680.0
KQLSYCTDPLQIPLINYTFG,120.0
KQLSYCTDPLQIPLINYTFG,180.0
KQRNRWEWRPDFKSKKVKISLPC,120.0
KQRNRWEWRPDFKSKKVKISLPC,180.0
KQRNRWEWRPDFKSKKVKISLPC,4680.0
KRIVQRIKDFLR,4680.0
KRIVQRIKDFLR,180.0
KRIVQRIKDFLR,120.0
KRIVQRIKDFLRNLVPRTES,180.0
KRIVQRIKDFLRNLVPRTES,4680.0
KRIVQRIKDFLRNLVPRTES,120.0
KRKRAVKRVGRRLKKKLARKIARLGVAF,4680.0
KRKRAVKRVGRRLKKKLARKIARLGVAF,120.0
KRKRAVKRVGRRLKKKLARKIARLGVAF,180.0
KRKRAVKRVGRRLKKLARKIARLGVAKLAGLRAVKLF,120.0
KRKRAVKRVGRRLKKLARKIARLGVAKLAGLRAVKLF,180.0
KRKRAVKRVGRRLKKLARKIARLGVAKLAGLRAVKLF,4680.0
KRKRFAKKFLRFLRKVIRFLKRFIRRF,120.0
KRKRFAKKFLRFLRKVIRFLKRFIRRF,180.0
KRKRFAKKFLRFLRKVIRFLKRFIRRF,4680.0
KRRGGGKLLKLLLKLLLKLLKC,180.0
KRRGGGKLLKLLLKLLLKLLKC,4680.0
KRRGGGKLLKLLLKLLLKLLKC,120.0
KSETKN,180.0
KSETKN,120.0
KSETKN,4680.0
KSKKVKISLPCNSTKNLTFA,120.0
KSKKVKISLPCNSTKNLTFA,180.0
KSKKVKISLPCNSTKNLTFA,4680.0
KTELQAIYLALQDSGLEVNI,4680.0
KTELQAIYLALQDSGLEVNI,180.0
KTELQAIYLALQDSGLEVNI,120.0
KTTSSIEFARLQFTY,180.0
KTTSSIEFARLQFTY,4680.0
KTTSSIEFARLQFTY,120.0
KVGSLQYLALAALIT,120.0
KVGSLQYLALAALIT,4680.0
KVGSLQYLALAALIT,180.0
KVINPEPIVEPFMSKPFALF,4680.0
KVINPEPIVEPFMSKPFALF,120.0
KVINPEPIVEPFMSKPFALF,180.0
KVPAQNAISTTFPYT,4680.0
KVPAQNAISTTFPYT,120.0
KVPAQNAISTTFPYT,180.0
KVPFDFWRGVISLTPLLV,4680.0
KVPFDFWRGVISLTPLLV,180.0
KVPFDFWRGVISLTPLLV,120.0
KWESEFWRWTEQLASNYW,180.0
KWESEFWRWTEQLASNYW,120.0
KWESEFWRWTEQLASNYW,4680.0
KWEYVLLLFLL,120.0
KWEYVLLLFLL,180.0
KWEYVLLLFLL,4680.0
KWLCRIWSWISDVLDDFE,120.0
KWLCRIWSWISDVLDDFE,180.0
KWLCRIWSWISDVLDDFE,4680.0
KWLTEWIPLTAEAEC,180.0
KWLTEWIPLTAEAEC,4680.0
KWLTEWIPLTAEAEC,120.0
KWLTEWIPLTAEC,180.0
KWLTEWIPLTAEC,4680.0
KWLTEWIPLTAEC,120.0
KWVRLGRKLLRRLKKPFK,180.0
KWVRLGRKLLRRLKKPFK,120.0
KWVRLGRKLLRRLKKPFK,4680.0
KWVRLGRKLLRRLKKPFT,180.0
KWVRLGRKLLRRLKKPFT,120.0
KWVRLGRKLLRRLKKPFT,4680.0
KYAKKAAKYAKKAAKYAKKAA,120.0
KYAKKAAKYAKKAAKYAKKAA,4680.0
KYAKKAAKYAKKAAKYAKKAA,180.0
LAAIPMSIPPEVKFNKPFVF,120.0
LAAIPMSIPPEVKFNKPFVF,180.0
LAQMYPL,120.0
LAQMYPL,180.0
LASNYWILEYLWKVPFDF,120.0
LASNYWILEYLWKVPFDF,180.0
LCDCPNGPWVWVPAFCQAVG,180.0
LCDCPNGPWVWVPAFCQAVG,120.0
LCLRNWDQGHRP,120.0
LCLRNWDQGHRP,180.0
LDCWVRLGRYLLRRLKTP,120.0
LDCWVRLGRYLLRRLKTP,180.0
LDCWVRLGRYLLRRLKTPFTRL,120.0
LDCWVRLGRYLLRRLKTPFTRL,180.0
LDLEYEMKKLEEAIKKLEESYIDLKELGTYEYYVKW,180.0
LDLEYEMKKLEEAIKKLEESYIDLKELGTYEYYVKW,120.0
LDLSDEMAMLLQEVVKQLNDSYIDLKELGNYTYYNKW,180.0
LDLSDEMAMLLQEVVKQLNDSYIDLKELGNYTYYNKW,120.0
LEAAPMSIPPEVKFNKPFVF,180.0
LEAAPMSIPPEVKFNKPFVF,120.0
LEAIAMSIPPEVKFNKPFVF,180.0
LEAIAMSIPPEVKFNKPFVF,120.0
LEAIPASIPPEVKFNKPFVF,180.0
LEAIPASIPPEVKFNKPFVF,120.0
LEAIPCSIPPCFAFNKPFVF,120.0
LEAIPCSIPPCFAFNKPFVF,180.0
LEAIPCSIPPCFLFGKPFVF,180.0
LEAIPCSIPPCFLFGKPFVF,120.0
LEAIPCSIPPCVAFNKPFVF,120.0
LEAIPCSIPPCVFFGKPFVF,180.0
LEAIPCSIPPCVFFGKPFVF,120.0
LEAIPCSIPPCVGFGKPFVF,120.0
LEAIPCSIPPCVGFGKPFVF,180.0
LEAIPCSIPPCVLFNKPFVF,180.0
LEAIPCSIPPCVLFNKPFVF,120.0
LEAIPCSIPPCFLFNKPFVF,120.0
LEAIPCSIPPCFLFNKPFVF,180.0
LEAIPCSIPPCVAFNKPFVF,180.0
LEAIPCSIPPCVFFNKPFVF,180.0
LEAIPCSIPPCVFFNKPFVF,120.0
LEAIPMCIPPECAFNKPFVF,120.0
LEAIPMCIPPECAFNKPFVF,180.0
LEAIPMSAPPEVKFNKPFVF,120.0
LEAIPMSAPPEVKFNKPFVF,180.0
LEAIPMSIAPEVKFNKPFVF,120.0
LEAIPMSIAPEVKFNKPFVF,180.0
LEAIPMSIPAEVKFNKPFVF,180.0
LEAIPMSIPAEVKFNKPFVF,120.0
LEAIPMSIPPAVKFNKPFVF,120.0
LEAIPMSIPPAVKFNKPFVF,180.0
LEAIPMSIPPEAKFNKPFVF,120.0
LEAIPMSIPPEAKFNKPFVF,180.0
LEAIPMSIPPEFLFGKPFVF,180.0
LEAIPMSIPPEFLFGKPFVF,120.0
LEAIPMSIPPEVAFAKPFVF,120.0
LEAIPMSIPPEVAFAKPFVF,180.0
LEAIPMSIPPEVAFNKPFVF,120.0
LEAIPMSIPPEVAFNKPFVF,180.0
LEAIPMSIPPEVFFNKPFVF,120.0
LEAIPMSIPPEVFFNKPFVF,180.0
LEAIPMSIPPEVKANKPFVF,120.0
LEAIPMSIPPEVKANKPFVF,180.0
LEAIPMSIPPEVKFAKPFVF,180.0
LEAIPMSIPPEVKFAKPFVF,120.0
LEAIPMSIPPEVKFNAPFVF,180.0
LEAIPMSIPPEVKFNAPFVF,120.0
LEAIPMSIPPEVKFNKAFVF,120.0
LEAIPMSIPPEVKFNKAFVF,180.0
LEAIPMSIPPEVKFNKPAVF,180.0
LEAIPMSIPPEVKFNKPAVF,120.0
LEAIPMSIPPEVKFNKPFAF,180.0
LEAIPMSIPPEVKFNKPFAF,120.0
LEAIPMSIPPEVKFNKPFVA,180.0
LEAIPMSIPPEVKFNKPFVA,120.0
LEAIPMSIPPEVKFNKPFVF,180.0
LEHGSCVTTMAKDKPTL,120.0
LEHGSCVTTMAKDKPTL,180.0
LESEVTAIKNALKKTNEAVSTLGNGVRVLATAVRE,180.0
LESEVTAIKNALKKTNEAVSTLGNGVRVLATAVRE,120.0
LEYLWKVPFDFWRGVISL,180.0
LEYLWKVPFDFWRGVISL,120.0
LEYSI,120.0
LEYSI,180.0
LFYLVPGPGH,120.0
LFYLVPGPGH,180.0
LGCNQNQFFCKIPLELWTRY,180.0
LGCNQNQFFCKIPLELWTRY,120.0
LGNVNNSISNALDKLEESNSKLDKVNVKLTGTSAL,180.0
LGNVNNSISNALDKLEESNSKLDKVNVKLTGTSAL,120.0
LGQGVSIEWRKKRYS,180.0
LGQGVSIEWRKKRYS,120.0
LHQNIVDVQYMYGLS,180.0
LHQNIVDVQYMYGLS,120.0
LITPKKIKPPLPSVT,180.0
LITPKKIKPPLPSVT,120.0
LKAKTNISIREGPTLGNWAR,120.0
LKAKTNISIREGPTLGNWAR,180.0
LKVLLYEEFKLLESLIMEILEYQKDSDIKENAEDTK,180.0
LKVLLYEEFKLLESLIMEILEYQKDSDIKENAEDTK,120.0
LKWESEFWRWTEQLASNY,120.0
LKWESEFWRWTEQLASNY,180.0
LLDCWVRLGRYLLRRLK,120.0
LLDCWVRLGRYLLRRLK,180.0
LLDCWVRLGRYLLRRLKT,180.0
LLDCWVRLGRYLLRRLKT,120.0
LLDCWVRLGRYLLRRLKTP,180.0
LLDCWVRLGRYLLRRLKTP,120.0
LLDCWVRLGRYLLRRLKTPFT,120.0
LLDCWVRLGRYLLRRLKTPFT,180.0
LLDCWVRLGRYLLRRLKTPFTRL,120.0
LLDCWVRLGRYLLRRLKTPFTRL,180.0
LLEYS,120.0
LLEYS,180.0
LLEYSI,180.0
LLEYSI,120.0
LLEYSL,120.0
LLEYSL,180.0
LLFLKVPAQNAISTTFPYT,120.0
LLFLKVPAQNAISTTFPYT,180.0
LLGDLLRKSKEKIGKEFKRIVQR,180.0
LLGDLLRKSKEKIGKEFKRIVQR,120.0
LLGDLLRKSKEKIGKEFKRIVQRIKDFLRNLVPRTES,120.0
LLGDLLRKSKEKIGKEFKRIVQRIKDFLRNLVPRTES,180.0
LLGFILAFLGWIGAIVST,180.0
LLGFILAFLGWIGAIVST,120.0
LLGGILGIGLGVLLLILCLP,120.0
LLGGILGIGLGVLLLILCLP,180.0
LLKELWTKIKGAGKAVLGKIKGLL,120.0
LLKELWTKIKGAGKAVLGKIKGLL,180.0
LLMVNEATRFQTVSGFV,180.0
LLMVNEATRFQTVSGFV,120.0
LMRIR,120.0
LMRIR,180.0
LMRIRQMMT,180.0
LMRIRQMMT,120.0
LNLFKKTINGLISDSLVIR,120.0
LNLFKKTINGLISDSLVIR,180.0
LPAFCQAIGWGDPITHWS,120.0
LPAFCQAIGWGDPITHWS,180.0
LPLPAPSFHRTT,180.0
LPLPAPSFHRTT,120.0
LPRRLHLEPAFLPYSVKAHE,120.0
LPRRLHLEPAFLPYSVKAHE,180.0
LPRRLHLEPAFLPYSVKAHEC,120.0
LPRRLHLEPAFLPYSVKAHEC,180.0
LPRRLHLEPAFLPYSVKAHECC,180.0
LPRRLHLEPAFLPYSVKAHECC,120.0
LQDSGLEVNIVTDSQYALGI,120.0
LQDSGLEVNIVTDSQYALGI,180.0
LQEVDAGNFIPPPRWLLL,180.0
LQEVDAGNFIPPPRWLLL,120.0
LQKWEDWVRWIGNIPQYLKG,180.0
LQKWEDWVRWIGNIPQYLKG,120.0
LQQLLFIHFRIGCQH,180.0
LQQLLFIHFRIGCQH,120.0
LQYLALAALITPKKI,180.0
LQYLALAALITPKKI,120.0
LRDIWDWICEVLSDFK,180.0
LRDIWDWICEVLSDFK,120.0
LRVRLASHLRKLRKRLLRDADDLQKRLAVY,120.0
LRVRLASHLRKLRKRLLRDADDLQKRLAVY,180.0
LSELDDRADALQAGASQFETSAAKLKRKYWWKN,180.0
LSELDDRADALQAGASQFETSAAKLKRKYWWKN,120.0
LTCAVACELKWESEFWRW,180.0
LTCAVACELKWESEFWRW,120.0
LTEDRWNKPQKTKGH,180.0
LTEDRWNKPQKTKGH,120.0
LTQINTTLLDLTYEMLSLQQVVKALNESYIDLKEL,180.0
LTQINTTLLDLTYEMLSLQQVVKALNESYIDLKEL,120.0
LVQPRGPRSGPGPWQGGRRKFRRQRPRLSHKGPMPF,180.0
LVQPRGPRSGPGPWQGGRRKFRRQRPRLSHKGPMPF,120.0
LVRRRSELMGRRNPVCPG,180.0
LVRRRSELMGRRNPVCPG,120.0
LVTLEHQVLVIGLKVEAMEK,180.0
LVTLEHQVLVIGLKVEAMEK,120.0
LWKVPFDFWRGVISLTPL,180.0
LWKVPFDFWRGVISLTPL,120.0
LYGNEGCGWAGWLLSPRG,120.0
LYGNEGCGWAGWLLSPRG,180.0
LYYFDCFSESAIRKA,180.0
LYYFDCFSESAIRKA,120.0
NADIIKSLIRKTIINASKNTASLSILQHLYVLRS,180.0
NADIIKSLIRKTIINASKNTASLSILQHLYVLRS,5040.0
NDSRGIDAEEELETKAELVITKLKTPLMRGKVVVGAAGA,5040.0
NDSRGIDAEEELETKAELVITKLKTPLMRGKVVVGAAGA,180.0
NFYDPLVFPSDEFDASISQVNEKINQSLASIRKSDELLHNVNAGK,5040.0
NFYDPLVFPSDEFDASISQVNEKINQSLASIRKSDELLHNVNAGK,180.0
NGAICWGPCPTAFRQIGNCGHFKVRCCKIR,5040.0
NGAICWGPCPTAFRQIGNCGHFKVRCCKIR,180.0
NGAICWGPCPTAFRQIGNCGRFRVRCCRIR,180.0
NGAICWGPCPTAFRQIGNCGRFRVRCCRIR,5040.0
NGESSADWAKN,5040.0
NGESSADWAKN,180.0
NGIGVTQNVLYENQKQIANQFNKAISQIQESLTTTSTA,5040.0
NGIGVTQNVLYENQKQIANQFNKAISQIQESLTTTSTA,180.0
NHEAEDLFY,180.0
NHEAEDLFY,5040.0
NIAGNWSCTSDLPSSWGYMN,180.0
NIAGNWSCTSDLPSSWGYMN,5040.0
NKPFVFLM,5040.0
NKPFVFLM,180.0
NLTCAVACELKWESEFWR,180.0
NLTCAVACELKWESEFWR,5040.0
NLVSGLIEARKYLEQLHRKLKNRKV,180.0
NLVSGLIEARKYLEQLHRKLKNRKV,5040.0
NMTINQTIWNHGNITLGEWY,180.0
NMTINQTIWNHGNITLGEWY,5040.0
NQIIEQLIKKEKVY,180.0
NQIIEQLIKKEKVY,5040.0
NQNAQALNTLVKQLSSNFGAISSVLNDILSRLDKVEAEVQIDRLIT,180.0
NQNAQALNTLVKQLSSNFGAISSVLNDILSRLDKVEAEVQIDRLIT,5040.0
NQTKDLQQKFYEIIMDIEQN,180.0
NQTKDLQQKFYEIIMDIEQN,5040.0
NQVGD,180.0
NQVGD,5040.0
NQVSATCSVK,180.0
NQVSATCSVK,5040.0
NVQGKTGIQQLQKWEDWVRW,180.0
NVQGKTGIQQLQKWEDWVRW,5040.0
NVTFLDLEYEMKKLEEAIKKLEESYIDLKELGTYEY,180.0
NVTFLDLEYEMKKLEEAIKKLEESYIDLKELGTYEY,5040.0
NYWILEYLWKVPFDFWRG,180.0
NYWILEYLWKVPFDFWRG,5040.0
QAKTFLDKFNHEA,600.0
QAKTFLDKFNHEA,2880.0
QEGISRFKICPYHWYKQHMSLLFRRYYHKLDSII,600.0
QEGISRFKICPYHWYKQHMSLLFRRYYHKLDSII,2880.0
QGSWFGCTWMNSTGF,600.0
QGSWFGCTWMNSTGF,2880.0
QHGVHG,2880.0
QHGVHG,600.0
QIQDPEIPKCGWWNQMAYYN,600.0
QIQDPEIPKCGWWNQMAYYN,2880.0
QKEGLHYTCSSHFPYSQYQF,2880.0
QKEGLHYTCSSHFPYSQYQF,600.0
QKQIANQFNKAISQIQESLTTTSTALGKLQDVVNQNAQALNTLVKQ,600.0
QKQIANQFNKAISQIQESLTTTSTALGKLQDVVNQNAQALNTLVKQ,2880.0
QKWEDWVRWIGN,600.0
QKWEDWVRWIGN,2880.0
QLASNYWILEYLWKVPFD,600.0
QLASNYWILEYLWKVPFD,2880.0
QLIHLYYFDCFSESA,600.0
QLIHLYYFDCFSESA,2880.0
QLLIRMI,600.0
QLLIRMI,2880.0
QLLIRMIYKNI,2880.0
QLLIRMIYKNI,600.0
QLLIRMIYKNILFYLVPGPGHGAEPERRNIKYL,2880.0
QLLIRMIYKNILFYLVPGPGHGAEPERRNIKYL,600.0
QLQKWEDWVRWI,600.0
QLQKWEDWVRWI,2880.0
QLQKWEDWVRWIGNIPQYLKG,600.0
QLQKWEDWVRWIGNIPQYLKG,2880.0
QNQSANQFQKEISQINEVLTTTNTSLGKLQDDVNQNNQSLNTLQKE,2880.0
QNQSANQFQKEISQINEVLTTTNTSLGKLQDDVNQNNQSLNTLQKE,600.0
QQLLFIHFRIGCQHS,2880.0
QQLLFIHFRIGCQHS,600.0
QRPRLSHKGPMPF,600.0
QRPRLSHKGPMPF,2880.0
QVDPDLADQLIHLYY,2880.0
QVDPDLADQLIHLYY,600.0
RDWHLGQGVSIEWRK,120.0
RDWHLGQGVSIEWRK,120.0
RDWHLGQGVSIEWRK,3600.0
REINNYTSLIHSLIEESQNQQEKNEQELLELDKWAS,3600.0
REINNYTSLIHSLIEESQNQQEKNEQELLELDKWAS,120.0
REINNYTSLIHSLIEESQNQQEKNEQELLELDKWAS,120.0
RFPFHRCGAGPKLTKDLE,120.0
RFPFHRCGAGPKLTKDLE,3600.0
RFPFHRCGAGPKLTKDLE,120.0
RGAHIKGRWDSRCHRF,3600.0
RGAHIKGRWDSRCHRF,120.0
RGAHIKGRWDSRCHRF,120.0
RGAHIKGRWKSRCHRF,3600.0
RGAHIKGRWKSRCHRF,120.0
RGAHIKGRWKSRCHRF,120.0
RGAHINGRWDSRCHRF,120.0
RGAHINGRWDSRCHRF,120.0
RGAHINGRWDSRCHRF,3600.0
RGILRNWYNPFAGLRQSLEQ,120.0
RGILRNWYNPFAGLRQSLEQ,3600.0
RGILRNWYNPFAGLRQSLEQ,120.0
RGIYR,3600.0
RGIYR,120.0
RGIYR,120.0
RGRRGIYR,120.0
RGRRGIYR,120.0
RGRRGIYR,3600.0
RGTKALTEVIPLTEEAEC,120.0
RGTKALTEVIPLTEEAEC,3600.0
RGTKALTEVIPLTEEAEC,120.0
RGVISLTPLLVCVAALLL,120.0
RGVISLTPLLVCVAALLL,3600.0
RGVISLTPLLVCVAALLL,120.0
RGVSGHGQHGVHG,3600.0
RGVSGHGQHGVHG,120.0
RGVSGHGQHGVHG,120.0
RHHYESTHPRISSEV,3600.0
RHHYESTHPRISSEV,120.0
RHHYESTHPRISSEV,120.0
RIGRNPSQVGD,120.0
RIGRNPSQVGD,120.0
RIGRNPSQVGD,3600.0
RKAILGHIVSPRCEY,120.0
RKAILGHIVSPRCEY,3600.0
RKAILGHIVSPRCEY,120.0
RKFFKKIYRFFRKLLKRL,3600.0
RKFFKKIYRFFRKLLKRL,120.0
RKFFKKIYRFFRKLLKRL,120.0
RLAAKCAARFAEHGLKRG,120.0
RLAAKCAARFAEHGLKRG,3600.0
RLAAKCAARFAEHGLKRG,120.0
RLFDKIRQVIRKF,3600.0
RLFDKIRQVIRKF,120.0
RLFDKIRQVIRKF,120.0
RLFFKCIYRFFEHGLKRG,120.0
RLFFKCIYRFFEHGLKRG,120.0
RLFFKCIYRFFEHGLKRG,3600.0
RLLRRLLRRLLRRLLRRLLR,120.0
RLLRRLLRRLLRRLLRRLLR,3600.0
RLLRRLLRRLLRRLLRRLLR,120.0
RMIYKNILFYLVPGPGHGAEPERRNIKYL,3600.0
RMIYKNILFYLVPGPGHGAEPERRNIKYL,120.0
RMIYKNILFYLVPGPGHGAEPERRNIKYL,120.0
RNPNQVGD,120.0
RNPNQVGD,120.0
RNPNQVGD,3600.0
RNPSQVGD,120.0
RNPSQVGD,120.0
RNPSQVGD,3600.0
RPKHPIKHQGLPQEVLNENLLRF,120.0
RPKHPIKHQGLPQEVLNENLLRF,3600.0
RPKHPIKHQGLPQEVLNENLLRF,120.0
RPRGRRGSRPSGAERRRRRAAAA,120.0
RPRGRRGSRPSGAERRRRRAAAA,120.0
RPRGRRGSRPSGAERRRRRAAAA,3600.0
RPRLSHKGPMPF,3600.0
RPRLSHKGPMPF,120.0
RPRLSHKGPMPF,120.0
RQMRAWGQDYQHGGMGYSC,3600.0
RQMRAWGQDYQHGGMGYSC,120.0
RQMRAWGQDYQHGGMGYSC,120.0
RQRVEELSKFSKKGAAARRRK,120.0
RQRVEELSKFSKKGAAARRRK,3600.0
RQRVEELSKFSKKGAAARRRK,120.0
RRGRIGRNPSQVGD,3600.0
RRGRIGRNPSQVGD,120.0
RRGRIGRNPSQVGD,120.0
RRGRTGRGRRGIYR,3600.0
RRGRTGRGRRGIYR,120.0
RRGRTGRGRRGIYR,120.0
RRGRVGRNPNQVGD,120.0
RRGRVGRNPNQVGD,120.0
RRGRVGRNPNQVGD,3600.0
RRKFRRQRPRLSHKGPMPF,120.0
RRKFRRQRPRLSHKGPMPF,3600.0
RRKFRRQRPRLSHKGPMPF,120.0
RRKKAAVALLAVLLALLA,3600.0
RRKKAAVALLAVLLALLA,120.0
RRKKAAVALLAVLLALLA,120.0
RRKKAAVALLP,120.0
RRKKAAVALLP,3600.0
RRKKAAVALLP,120.0
RRKKAAVALLPAVLLA,120.0
RRKKAAVALLPAVLLA,3600.0
RRKKAAVALLPAVLLA,120.0
RRKKAAVALLPAVLLAL,3600.0
RRKKAAVALLPAVLLAL,120.0
RRKKAAVALLPAVLLAL,120.0
RRKKAAVALLPAVLLALL,120.0
RRKKAAVALLPAVLLALL,3600.0
RRKKAAVALLPAVLLALL,120.0
RRKKAAVALLPAVLLALLA,120.0
RRKKAAVALLPAVLLALLA,3600.0
RRKKAAVALLPAVLLALLA,120.0
RRKKAAVALLPAVLLALLAP,120.0
RRKKAAVALLPAVLLALLAP,3600.0
RRKKAAVALLPAVLLALLAP,120.0
RRKKALLAVLLALLA,120.0
RRKKALLAVLLALLA,3600.0
RRKKALLAVLLALLA,120.0
RRKKALLPAVLLALLAP,120.0
RRKKALLPAVLLALLAP,120.0
RRKKALLPAVLLALLAP,3600.0
RRKKAVALLPAVLLALLAP,3600.0
RRKKAVALLPAVLLALLAP,120.0
RRKKAVALLPAVLLALLAP,120.0
RRKKAVLLALLAP,120.0
RRKKAVLLALLAP,120.0
RRKKAVLLALLAP,3600.0
RRKKIFYFFR,3600.0
RRKKIFYFFR,120.0
RRKKIFYFFR,120.0
RRKKLAVLLALLA,3600.0
RRKKLAVLLALLA,120.0
RRKKLAVLLALLA,120.0
RRKKLLAVLLALLA,3600.0
RRKKLLAVLLALLA,120.0
RRKKLLAVLLALLA,120.0
RRKKLLPAVLLALLAP,120.0
RRKKLLPAVLLALLAP,3600.0
RRKKLLPAVLLALLAP,120.0
RRKKLPAVLLALLAP,120.0
RRKKLPAVLLALLAP,120.0
RRKKLPAVLLALLAP,3600.0
RRKKPAVLLALLAP,120.0
RRKKPAVLLALLAP,3600.0
RRKKPAVLLALLAP,120.0
RRKKRRQRRR,3600.0
RRKKRRQRRR,120.0
RRKKRRQRRR,120.0
RRKKRRRRRR,3600.0
RRKKRRRRRR,120.0
RRKKRRRRRR,120.0
RRKKVALLAVLLALLA,120.0
RRKKVALLAVLLALLA,3600.0
RRKKVALLAVLLALLA,120.0
RRKKVALLPAVLLALLAP,120.0
RRKKVALLPAVLLALLAP,3600.0
RRKKVALLPAVLLALLAP,120.0
RRKKVLLALLAP,120.0
RRKKVLLALLAP,3600.0
RRKKVLLALLAP,120.0
RRKKWLVFFVIFYFFR,3600.0
RRKKWLVFFVIFYFFR,120.0
RRKKWLVFFVIFYFFR,120.0
RRLHLEPAFLPYSVKAHECC,3600.0
RRLHLEPAFLPYSVKAHECC,120.0
RRLHLEPAFLPYSVKAHECC,120.0
RRQRPRLSHKGP,120.0
RRQRPRLSHKGP,120.0
RRQRPRLSHKGP,3600.0
RRQRPRLSHKGPM,120.0
RRQRPRLSHKGPM,3600.0
RRQRPRLSHKGPM,120.0
RRQRPRLSHKGPMPF,120.0
RRQRPRLSHKGPMPF,3600.0
RRQRPRLSHKGPMPF,120.0
RRRQRRKKRGYGFVNLLFLVVE,3600.0
RRRQRRKKRGYGFVNLLFLVVE,120.0
RRRQRRKKRGYGFVNLLFLVVE,120.0
RRRRRRRRRR,120.0
RRRRRRRRRR,3600.0
RRRRRRRRRR,120.0
RRRRRRRRRRRRRRRWWW,3600.0
RRRRRRRRRRRRRRRWWW,120.0
RRRRRRRRRRRRRRRWWW,120.0
RRRRRRRWWWRRRRRRRR,120.0
RRRRRRRWWWRRRRRRRR,3600.0
RRRRRRRWWWRRRRRRRR,120.0
RRWYRWW,120.0
RRWYRWW,120.0
RRWYRWW,3600.0
RRWYRWWRRRWYRWWR,3600.0
RRWYRWWRRRWYRWWR,120.0
RRWYRWWRRRWYRWWR,120.0
RSQKEGLHYTCSSHFPYSQYQFWK,120.0
RSQKEGLHYTCSSHFPYSQYQFWK,120.0
RSQKEGLHYTCSSHFPYSQYQFWK,3600.0
RTGRGRRGIYR,120.0
RTGRGRRGIYR,3600.0
RTGRGRRGIYR,120.0
RTQRRGRTGRGKPGIYR,120.0
RTQRRGRTGRGKPGIYR,120.0
RTQRRGRTGRGKPGIYR,3600.0
RVGRNPNQVGD,120.0
RVGRNPNQVGD,120.0
RVGRNPNQVGD,3600.0
RWMVWRHWFHRLRLPYNPGKNKQNQQWP,3600.0
RWMVWRHWFHRLRLPYNPGKNKQNQQWP,120.0
RWMVWRHWFHRLRLPYNPGKNKQNQQWP,120.0
RWNKPQKTKGHRGSH,120.0
RWNKPQKTKGHRGSH,120.0
RWNKPQKTKGHRGSH,3600.0
RWTEQLASNYWILEYLWK,3600.0
RWTEQLASNYWILEYLWK,120.0
RWTEQLASNYWILEYLWK,120.0
RWWRWWR,120.0
RWWRWWR,3600.0
RWWRWWR,120.0
RWWRWWRRWWRWWR,3600.0
RWWRWWRRWWRWWR,120.0
RWWRWWRRWWRWWR,120.0
RYFTFGGGYVYF,3600.0
RYFTFGGGYVYF,120.0
RYFTFGGGYVYF,120.0
RYICRCICGRGICRCICG,120.0
RYICRCICGRGICRCICG,120.0
RYICRCICGRGICRCICG,3600.0
RYSTQVDPDLADQLI,120.0
RYSTQVDPDLADQLI,3600.0
RYSTQVDPDLADQLI,120.0
SAVNGQSGRMEFFWTILK,6840.0
SDRDTVVELSEWGVPCAT,6840.0
SEETKENEGFTVTAEGK,6840.0
SEFWRWTEQLASNYWILE,6840.0
SENRKVPFYSHS,6840.0
SFAIKWEYVLLLFLL,6840.0
SGHGQHGVHG,6840.0
SGSWLRDIWDWICEVLSDFK,6840.0
SGTKMACPSNRGILRNWYNP,6840.0
SIELNKAKSDLEESKEWIRRSNQKLDSI,6840.0
SIGAKILGGVKTFFKGALKELASTYLQ,6840.0
SIGGVFNSIGRAVHQVFGGAFRTL,6840.0
SISNALNKLEESNRNLDKVNVKLT,6840.0
SIWRDWVDLICEFLSDWK,6840.0
SKANGQSGRMEFFWTILK,6840.0
SKEKIGKEFKRIVQRIKDFLR,6840.0
SKHSSLDC,6840.0
SKHSSLDCVLRP,6840.0
SKVAGQSGRMEFFWTILK,6840.0
SKVNGASGRMEFFWTILK,6840.0
SKVNGQAGRMEFFWTILK,6840.0
SKVNGQSGRAEFFWTILK,6840.0
SKVNGQSGRMAFFWTILK,6840.0
SKVNGQSGRMEFAWTILK,6840.0
SKVNGQSGRMEFFWTALK,6840.0
SKVNGQSGRMEFFWTIAK,6840.0
SKVNGQSGRMEFFWTILK,6840.0
SLDCVLRP,6840.0
SLDQINVTFLDLEYEMKKLEEAIKKLEESYIDLKELGSGSGC,6840.0
SLDQINVTFLDLEYEMKKLEEAIKKLEESYIDLKELGTYEYYVKW,6840.0
SLTQINTTLLDLEYEMRSLQQVVKALNESYIDLKEL,6840.0
SLTQINTTLLDLTYEMLSLQQVVKALNESYIDLKELGSGSGC,6840.0
SNQGGSPLPRSV,6840.0
SNYWILEYLWKVPFDFWR,6840.0
SPAIFQSSMTKILEPFRKQN,6840.0
SPYPSWSTPAGR,6840.0
SQVGD,6840.0
STLGKAFSTTLKGAQRLAALGDTAWDFG,6840.0
STQRRGRTGRGRRGIYR,6840.0
STSYAGAVVNDL,6840.0
SVALVPHVGMGLETRTETWMSSEGAWKHVQRIETWILRHPG,6840.0
SVTKLTEDRWNKPQK,6840.0
SWFASTGGRDSKIDVWSL,6840.0
SWKSMAKKLKEYMEKLKQRA,6840.0
SWLDDIWDWICEVLSDFE,6840.0
SWLDRIWRWICKVLSRFE,6840.0
SWLRDIWD,6840.0
SWLRDIWDWACEVLSDFK,6840.0
SWLRDIWDWECEVLSDFK,6840.0
SWLRDIWDWGCEVLSDFK,6840.0
SWLRDIWDWI,6840.0
SWLRDIWDWICE,6840.0
SWLRDIWDWICELLSDFK,6840.0
SWLRDIWDWICEV,6840.0
SWLRDIWDWICEVL,6840.0
SWLRDIWDWICEVLSD,6840.0
SWLRDIWDWICEVLSDFKT,6840.0
SWLRDIWDWICEVLSDFKTW,6840.0
SWLRDIWDWICKVLSDFK,6840.0
SWLRDIWDWIEEVLSDFK,6840.0
SWLRDIWDWIREVLSDFK,6840.0
SWLRDIWDWISEVLSDFK,6840.0
SWLRDIWDWKCEVLSDFK,6840.0
SWLRDIWDWLCELLSDFK,6840.0
SWLRDIWDWLCEVLSDFK,6840.0
SWLRDIWDWSCEVLSDFK,6840.0
SWLRDIWDWVCEVLSDFK,6840.0
SWLRDIWRWICKVLSRFK,6840.0
SWLRDLWDWICELLSDFK,6840.0
SWLRDLWDWICEVLSDFK,6840.0
SWLRDLWDWLCELLSDFK,6840.0
SWLRDLWDWLCEVLSDFK,6840.0
SWLRDVWDWICTVLTDFK,6840.0
SWLRDVWDWVCTILTDFK,6840.0
SWLRDVWDWVCTVLSDFK,6840.0
SWLRRIWRWICKVLSRFK,6840.0
SWLVNRDWFHDLNLPWTGSSAGTWQ,6840.0
SWLWEVWDWVLHVLSDFK,6840.0
SWRLDIWDWICESVLDFK,6840.0
SWRLIDWDWICEVLSDFK,6840.0
WADWVRWI,180.0
WADWVRWI,120.0
WASLKIDNLDV,180.0
WASLKIDNLDV,120.0
WDRGNVTLLCDCPNGPWVWV,120.0
WDRGNVTLLCDCPNGPWVWV,180.0
WDWICEVLSDFK,180.0
WDWICEVLSDFK,120.0
WEAWVRWI,120.0
WEAWVRWI,180.0
WEDAVRWI,180.0
WEDAVRWI,120.0
WEDWARWI,120.0
WEDWARWI,180.0
WEDWVAWI,120.0
WEDWVAWI,180.0
WEDWVR,120.0
WEDWVR,180.0
WEDWVRAI,120.0
WEDWVRAI,180.0
WEDWVRWA,180.0
WEDWVRWA,120.0
WEDWVRWI,180.0
WEDWVRWI,120.0
WEDWVRWIGNIP,180.0
WEDWVRWIGNIP,120.0
WEEWDKKIEEYTKKIEELIKKSQNQQ,120.0
WEEWDKKIEEYTKKIEELIKKSQNQQ,180.0
WEEWDKKIEEYTKKIEELIKKSQNQQIDI,180.0
WEEWDKKIEEYTKKIEELIKKSQNQQIDI,120.0
WEEWDKKIEEYTKKIEELIKKSQNQQIDL,120.0
WEEWDKKIEEYTKKIEELIKKSQNQQIDL,180.0
WEEWDKKIEEYTKKIEELIKKSQNQQLDI,120.0
WEEWDKKIEEYTKKIEELIKKSQNQQLDI,180.0
WEEWDKKIEEYTKKIEELIKKSQNQQLDL,120.0
WEEWDKKIEEYTKKIEELIKKSQNQQLDL,180.0
WEEWDKKIEEYTKKIEELIKKSQNQQSDLD,120.0
WEEWDKKIEEYTKKIEELIKKSQNQQSDLD,180.0
WEEWDKKIEEYTKKIEELIKKSQNQQSM,120.0
WEEWDKKIEEYTKKIEELIKKSQNQQSM,180.0
WEEWDKKIEEYTKKIEELIKKSQNQQSW,180.0
WEEWDKKIEEYTKKIEELIKKSQNQQSW,120.0
WEEWDKKIEEYTKKIEELIKKSQNQQSY,120.0
WEEWDKKIEEYTKKIEELIKKSQNQQSY,180.0
WESEFWRWTEQLASNYWI,120.0
WESEFWRWTEQLASNYWI,180.0
WEYVLLLFLL,120.0
WEYVLLLFLL,180.0
WFVLLTITVLR,120.0
WFVLLTITVLR,180.0
WGVSGHGQHGVHG,120.0
WGVSGHGQHGVHG,180.0
WICEVLSDFK,180.0
WICEVLSDFK,120.0
WIDNLD,180.0
WIDNLD,120.0
WILEYLWKVPFDFWRGVI,120.0
WILEYLWKVPFDFWRGVI,180.0
WKFALKVDSPDV,120.0
WKFALKVDSPDV,180.0
WKVPFDFWRGVISLTPLL,180.0
WKVPFDFWRGVISLTPLL,120.0
WLVFFVIAYFAR,120.0
WLVFFVIAYFAR,180.0
WLVFFVIFYFFR,180.0
WLVFFVIFYFFR,120.0
WLVFFVIFYFFRRRKK,120.0
WLVFFVIFYFFRRRKK,180.0
WLVFFVRRKK,180.0
WLVFFVRRKK,120.0
WMEWDREINNYTSLIHSLIEEAQNQQEKNEQELL,180.0
WMEWDREINNYTSLIHSLIEEAQNQQEKNEQELL,120.0
WMEWDREINNYTSLIHSLIEELQNQQEKNEQELL,120.0
WMEWDREINNYTSLIHSLIEELQNQQEKNEQELL,180.0
WMEWDREINNYTSLIHSLIEEPQNQQEKNEQELL,120.0
WMEWDREINNYTSLIHSLIEEPQNQQEKNEQELL,180.0
WMEWDREINNYTSLIHSLIEESQNQQEKNEQELL,120.0
WMEWDREINNYTSLIHSLIEESQNQQEKNEQELL,180.0
WMEWDREINNYTSLIHSLIEESQNQQEKNEQELLEL,120.0
WMEWDREINNYTSLIHSLIEESQNQQEKNEQELLEL,180.0
WMEWDREINNYTSLIHSLIEETQNQQEKNEQELL,180.0
WMEWDREINNYTSLIHSLIEETQNQQEKNEQELL,120.0
WMEWDREINNYTSLIHSLIEEWQNQQEKNEQELL,180.0
WMEWDREINNYTSLIHSLIEEWQNQQEKNEQELL,120.0
WNALKIDNLDV,180.0
WNALKIDNLDV,120.0
WNHTTWMEWDREINNYTSLIHSLIEESQNQQEKNEQ,180.0
WNHTTWMEWDREINNYTSLIHSLIEESQNQQEKNEQ,120.0
WNSAKIDNLDV,180.0
WNSAKIDNLDV,120.0
WNSLAIDNLDV,180.0
WNSLAIDNLDV,120.0
WNSLKADNLDV,180.0
WNSLKADNLDV,120.0
WNSLKIANLAV,120.0
WNSLKIANLAV,180.0
WNSLKIANLDV,120.0
WNSLKIANLDV,180.0
WNSLKIDALDV,180.0
WNSLKIDALDV,120.0
WNSLKIDNADV,120.0
WNSLKIDNADV,180.0
WNSLKIDNLAV,180.0
WNSLKIDNLAV,120.0
WNSLKIDNLDA,180.0
WNSLKIDNLDA,120.0
WNSLKIDNLDV,120.0
WNSLKIDNLDV,180.0
WQCLTLTHRG,120.0
WQCLTLTHRG,180.0
WQCLTLTHRGFVLLTITVLR,120.0
WQCLTLTHRGFVLLTITVLR,180.0
WQSLTLTHRG,120.0
WQSLTLTHRG,180.0
WQVMIVWQVDRMRIR,180.0
WQVMIVWQVDRMRIR,120.0
WRGVISLTPLLVCVAALL,120.0
WRGVISLTPLLVCVAALL,180.0
WRKWRKRWWWRKWRKRWW,120.0
WRKWRKRWWWRKWRKRWW,180.0
WRWTEQLASNYWILEYLW,120.0
WRWTEQLASNYWILEYLW,180.0
WTEQLASNYWILEYLWKV,120.0
WTEQLASNYWILEYLWKV,180.0
WVNQLAVLGLPAVDAAVA,180.0
WVNQLAVLGLPAVDAAVA,120.0
WVRLGRYLLRRLKTPFTR,180.0
WVRLGRYLLRRLKTPFTR,120.0
WVRWI,120.0
WVRWI,180.0
YAGAVANDL,600.0
YAGAVANDL,120.0
YAGTVINDL,600.0
YAGTVINDL,120.0
YALLIRMIYKNI,600.0
YALLIRMIYKNI,120.0
YAVVNDL,600.0
YAVVNDL,120.0
YEIIMDIEQNNVQGKTGIQQ,120.0
YEIIMDIEQNNVQGKTGIQQ,600.0
YENQKQIANQFNKAISQIQESLTTTSTA,120.0
YENQKQIANQFNKAISQIQESLTTTSTA,600.0
YGAVVNDL,120.0
YGVSGHGQHGVHG,600.0
YGVSGHGQHGVHG,120.0
YKPRRKRAAIHVMLALATVLSI,600.0
YKPRRKRAAIHVMLALATVLSI,120.0
YLDRVDTWLQGKINISLCLT,600.0
YLDRVDTWLQGKINISLCLT,120.0
YLWKVPFDFWRGVISLTP,120.0
YLWKVPFDFWRGVISLTP,600.0
YQALIRMIYKNI,120.0
YQALIRMIYKNI,600.0
YQLAIRMIYKNI,120.0
YQLAIRMIYKNI,600.0
YQLLARMIYKNI,600.0
YQLLARMIYKNI,120.0
YQLLIAMIYKNI,120.0
YQLLIAMIYKNI,600.0
YQLLIRAIYKNI,120.0
YQLLIRAIYKNI,600.0
YQLLIRMAYKNI,600.0
YQLLIRMAYKNI,120.0
YQLLIRMI,120.0
YQLLIRMI,600.0
YQLLIRMIAKNI,600.0
YQLLIRMIAKNI,120.0
YQLLIRMIY,120.0
YQLLIRMIY,600.0
YQLLIRMIYANI,120.0
YQLLIRMIYANI,600.0
YQLLIRMIYKAI,120.0
YQLLIRMIYKAI,600.0
YQLLIRMIYKNA,120.0
YQLLIRMIYKNA,600.0
YQLLIRMIYKNI,600.0
YQLLIRMIYKNI,120.0
YQLLIRPIYKNI,120.0
YQLLIRPIYKNI,600.0
YQVVKQPDYLLVPEEVMEYK,120.0
YQVVKQPDYLLVPEEVMEYK,600.0
YRWWRWARRW,120.0
YRWWRWARRW,600.0
YRWWRWARRWYRWWRWARRW,120.0
YRWWRWARRWYRWWRWARRW,600.0
YTMLVVDDL,120.0
YTMLVVDDL,600.0
YTSLIHSLIEEAQNQQEKNEQELLELDKWASLWNWF,600.0
YTSLIHSLIEEAQNQQEKNEQELLELDKWASLWNWF,120.0
YTSLIHSLIEEDQNQQEKNEQELLELDKWASLWNWF,120.0
YTSLIHSLIEEDQNQQEKNEQELLELDKWASLWNWF,600.0
YTSLIHSLIEEEQNQQEKNEQELLELDKWASLWNWF,120.0
YTSLIHSLIEEEQNQQEKNEQELLELDKWASLWNWF,600.0
YTSLIHSLIEEFQNQQEKNEQELLELDKWASLWNWF,600.0
YTSLIHSLIEEFQNQQEKNEQELLELDKWASLWNWF,120.0
YTSLIHSLIEEGQNQQEKNEQELLELDKWASLWNWF,600.0
YTSLIHSLIEEGQNQQEKNEQELLELDKWASLWNWF,120.0
YTSLIHSLIEEHQNQQEKNEQELLELDKWASLWNWF,120.0
YTSLIHSLIEEHQNQQEKNEQELLELDKWASLWNWF,600.0
YTSLIHSLIEEIQNQQEKNEQELLELDKWASLWNWF,120.0
YTSLIHSLIEEIQNQQEKNEQELLELDKWASLWNWF,600.0
YTSLIHSLIEEKQNQQEKNEQELLELDKWASLWNWF,600.0
YTSLIHSLIEEKQNQQEKNEQELLELDKWASLWNWF,120.0
YTSLIHSLIEELQNQQEKNEQELLELDKWASLWNWF,600.0
YTSLIHSLIEELQNQQEKNEQELLELDKWASLWNWF,120.0
YTSLIHSLIEEMQNQQEKNEQELLELDKWASLWNWF,600.0
YTSLIHSLIEEMQNQQEKNEQELLELDKWASLWNWF,120.0
YTSLIHSLIEENQNQQEKNEQELLELDKWASLWNWF,120.0
YTSLIHSLIEENQNQQEKNEQELLELDKWASLWNWF,600.0
YTSLIHSLIEEPQNQQEKNEQELLELDKWASLWNWF,600.0
YTSLIHSLIEEPQNQQEKNEQELLELDKWASLWNWF,120.0
YTSLIHSLIEEQQNQQEKNEQELLELDKWASLWNWF,120.0
YTSLIHSLIEEQQNQQEKNEQELLELDKWASLWNWF,600.0
YTSLIHSLIEERQNQQEKNEQELLELDKWASLWNWF,120.0
YTSLIHSLIEERQNQQEKNEQELLELDKWASLWNWF,600.0
YTSLIHSLIEETQNQQEKNEQELLELDKWASLWNWF,120.0
YTSLIHSLIEETQNQQEKNEQELLELDKWASLWNWF,600.0
YTSLIHSLIEEVQNQQEKNEQELLELDKWASLWNWF,600.0
YTSLIHSLIEEVQNQQEKNEQELLELDKWASLWNWF,120.0
YTSLIHSLIEEWQNQQEKNEQELLELDKWASLWNWF,600.0
YTSLIHSLIEEWQNQQEKNEQELLELDKWASLWNWF,120.0
YTSLIHSLIEEYQNQQEKNEQELLELDKWASLWNWF,120.0
YTSLIHSLIEEYQNQQEKNEQELLELDKWASLWNWF,600.0
YVREHGVPIHADKYFEQVLK,120.0
YVREHGVPIHADKYFEQVLK,600.0
YWILEYLWKVPFDFWRGV,120.0
YWILEYLWKVPFDFWRGV,600.0
YAGAVVNDL,120.0
